product_id,product_name,category,subcategory,brand,supplier,unit_cost,selling_price,source_system
200000,HP Women Model 1,Clothing,Women,HP,HP Supplier,1199.12,1400.3,PRODUCT_SYSTEM
200001,Sony Men Model 2,Clothing,Men,Sony,Sony Supplier,609.98,961.25,PRODUCT_SYSTEM
200002,Lenovo Kitchen Model 3,Home,Kitchen,Lenovo,Lenovo Supplier,788.31,1009.66,PRODUCT_SYSTEM
200003,Samsung Accessories Model 4,Electronics,Accessories,Samsung,Samsung Supplier,232.0,383.64,PRODUCT_SYSTEM
200004,Sony Fitness Model 5,Sports,Fitness,Sony,Sony Supplier,202.27,269.89,PRODUCT_SYSTEM
200005,Lenovo Kitchen Model 6,Home,Kitchen,Lenovo,Lenovo Supplier,338.0,481.05,PRODUCT_SYSTEM
200006,Sony Men Model 7,Clothing,Men,Sony,Sony Supplier,170.74,231.06,PRODUCT_SYSTEM
200007,Adidas Women Model 8,Clothing,Women,Adidas,Adidas Supplier,1077.95,1410.93,PRODUCT_SYSTEM
200008,Lenovo Laptops Model 9,Electronics,Laptops,Lenovo,Lenovo Supplier,525.39,609.14,PRODUCT_SYSTEM
200009,Sony Accessories Model 10,Electronics,Accessories,Sony,Sony Supplier,417.22,483.3,PRODUCT_SYSTEM
200010,Apple Fitness Model 11,Sports,Fitness,Apple,Apple Supplier,973.51,1177.83,PRODUCT_SYSTEM
200011,Dell Kitchen Model 12,Home,Kitchen,Dell,Dell Supplier,1001.5,1175.32,PRODUCT_SYSTEM
200012,Apple Fitness Model 13,Sports,Fitness,Apple,Apple Supplier,550.28,674.1,PRODUCT_SYSTEM
200013,Apple Monitors Model 14,Electronics,Monitors,Apple,Apple Supplier,703.44,1175.49,PRODUCT_SYSTEM
200014,Samsung Personal Care Model 15,Beauty,Personal Care,Samsung,Samsung Supplier,493.4,605.31,PRODUCT_SYSTEM
200015,Adidas Fitness Model 16,Sports,Fitness,Adidas,Adidas Supplier,329.14,403.66,PRODUCT_SYSTEM
200016,Samsung Laptops Model 17,Electronics,Laptops,Samsung,Samsung Supplier,61.35,75.86,PRODUCT_SYSTEM
200017,Dell Kitchen Model 18,Home,Kitchen,Dell,Dell Supplier,967.32,1685.64,PRODUCT_SYSTEM
200018,Sony Accessories Model 19,Electronics,Accessories,Sony,Sony Supplier,311.95,382.89,PRODUCT_SYSTEM
200019,Sony Supplies Model 20,Office,Supplies,Sony,Sony Supplier,10.05,13.48,PRODUCT_SYSTEM
200020,Adidas Fitness Model 21,Sports,Fitness,Adidas,Adidas Supplier,843.85,1096.81,PRODUCT_SYSTEM
200021,Lenovo Personal Care Model 22,Beauty,Personal Care,Lenovo,Lenovo Supplier,895.38,1428.66,PRODUCT_SYSTEM
200022,Samsung Men Model 23,Clothing,Men,Samsung,Samsung Supplier,921.55,1524.18,PRODUCT_SYSTEM
200023,Samsung Men Model 24,Clothing,Men,Samsung,Samsung Supplier,965.51,1518.23,PRODUCT_SYSTEM
200024,Adidas Monitors Model 25,Electronics,Monitors,Adidas,Adidas Supplier,1034.43,1550.18,PRODUCT_SYSTEM
200025,Lenovo Laptops Model 26,Electronics,Laptops,Lenovo,Lenovo Supplier,1097.76,1444.75,PRODUCT_SYSTEM
200026,Samsung Fitness Model 27,Sports,Fitness,Samsung,Samsung Supplier,25.71,36.25,PRODUCT_SYSTEM
200027,HP Kitchen Model 28,Home,Kitchen,HP,HP Supplier,573.26,862.03,PRODUCT_SYSTEM
200028,Lenovo Monitors Model 29,Electronics,Monitors,Lenovo,Lenovo Supplier,817.3,1013.43,PRODUCT_SYSTEM
200029,Dell Accessories Model 30,Electronics,Accessories,Dell,Dell Supplier,308.83,545.57,PRODUCT_SYSTEM
200030,Sony Monitors Model 31,Electronics,Monitors,Sony,Sony Supplier,34.56,53.89,PRODUCT_SYSTEM
200031,Logitech Monitors Model 32,Electronics,Monitors,Logitech,Logitech Supplier,1158.93,1813.13,PRODUCT_SYSTEM
200032,Generic Kitchen Model 33,Home,Kitchen,Generic,Generic Supplier,162.59,246.34,PRODUCT_SYSTEM
200033,Apple Men Model 34,Clothing,Men,Apple,Apple Supplier,234.03,390.52,PRODUCT_SYSTEM
200034,Sony Personal Care Model 35,Beauty,Personal Care,Sony,Sony Supplier,211.67,249.81,PRODUCT_SYSTEM
200035,Sony Furniture Model 36,Home,Furniture,Sony,Sony Supplier,175.86,253.7,PRODUCT_SYSTEM
200036,Sony Fitness Model 37,Sports,Fitness,Sony,Sony Supplier,800.25,1198.95,PRODUCT_SYSTEM
200037,Samsung Accessories Model 38,Electronics,Accessories,Samsung,Samsung Supplier,380.9,537.67,PRODUCT_SYSTEM
200038,Lenovo Monitors Model 39,Electronics,Monitors,Lenovo,Lenovo Supplier,870.55,1134.8,PRODUCT_SYSTEM
200039,Sony Laptops Model 40,Electronics,Laptops,Sony,Sony Supplier,1021.08,1770.54,PRODUCT_SYSTEM
200040,HP Personal Care Model 41,Beauty,Personal Care,HP,HP Supplier,987.81,1268.87,PRODUCT_SYSTEM
200041,Logitech Kitchen Model 42,Home,Kitchen,Logitech,Logitech Supplier,766.42,1265.12,PRODUCT_SYSTEM
200042,Lenovo Supplies Model 43,Office,Supplies,Lenovo,Lenovo Supplier,372.76,649.18,PRODUCT_SYSTEM
200043,Generic Furniture Model 44,Home,Furniture,Generic,Generic Supplier,579.9,968.25,PRODUCT_SYSTEM
200044,Dell Laptops Model 45,Electronics,Laptops,Dell,Dell Supplier,171.65,299.4,PRODUCT_SYSTEM
200045,Logitech Fitness Model 46,Sports,Fitness,Logitech,Logitech Supplier,293.0,513.87,PRODUCT_SYSTEM
200046,HP Men Model 47,Clothing,Men,HP,HP Supplier,765.81,1170.7,PRODUCT_SYSTEM
200047,Generic Men Model 48,Clothing,Men,Generic,Generic Supplier,331.46,473.09,PRODUCT_SYSTEM
200048,Nike Fitness Model 49,Sports,Fitness,Nike,Nike Supplier,430.41,557.91,PRODUCT_SYSTEM
200049,Nike Fitness Model 50,Sports,Fitness,Nike,Nike Supplier,455.67,799.63,PRODUCT_SYSTEM
200050,Generic Kitchen Model 51,Home,Kitchen,Generic,Generic Supplier,858.74,1076.7,PRODUCT_SYSTEM
200051,Dell Women Model 52,Clothing,Women,Dell,Dell Supplier,474.64,716.21,PRODUCT_SYSTEM
200052,Apple Kitchen Model 53,Home,Kitchen,Apple,Apple Supplier,258.94,339.53,PRODUCT_SYSTEM
200053,Samsung Accessories Model 54,Electronics,Accessories,Samsung,Samsung Supplier,137.18,246.32,PRODUCT_SYSTEM
200054,HP Kitchen Model 55,Home,Kitchen,HP,HP Supplier,243.52,291.02,PRODUCT_SYSTEM
200055,Sony Kitchen Model 56,Home,Kitchen,Sony,Sony Supplier,830.96,991.54,PRODUCT_SYSTEM
200056,Lenovo Kitchen Model 57,Home,Kitchen,Lenovo,Lenovo Supplier,118.63,131.85,PRODUCT_SYSTEM
200057,Adidas Personal Care Model 58,Beauty,Personal Care,Adidas,Adidas Supplier,234.02,412.12,PRODUCT_SYSTEM
200058,Apple Laptops Model 59,Electronics,Laptops,Apple,Apple Supplier,404.55,587.22,PRODUCT_SYSTEM
200059,Adidas Personal Care Model 60,Beauty,Personal Care,Adidas,Adidas Supplier,234.32,317.74,PRODUCT_SYSTEM
200060,Lenovo Kitchen Model 61,Home,Kitchen,Lenovo,Lenovo Supplier,699.6,927.58,PRODUCT_SYSTEM
200061,Adidas Monitors Model 62,Electronics,Monitors,Adidas,Adidas Supplier,1088.47,1564.01,PRODUCT_SYSTEM
200062,Logitech Supplies Model 63,Office,Supplies,Logitech,Logitech Supplier,745.24,1120.59,PRODUCT_SYSTEM
200063,Apple Laptops Model 64,Electronics,Laptops,Apple,Apple Supplier,388.36,696.46,PRODUCT_SYSTEM
200064,Sony Furniture Model 65,Home,Furniture,Sony,Sony Supplier,114.03,168.77,PRODUCT_SYSTEM
200065,HP Men Model 66,Clothing,Men,HP,HP Supplier,47.88,82.89,PRODUCT_SYSTEM
200066,Apple Supplies Model 67,Office,Supplies,Apple,Apple Supplier,791.16,1400.78,PRODUCT_SYSTEM
200067,Sony Supplies Model 68,Office,Supplies,Sony,Sony Supplier,1083.95,1474.91,PRODUCT_SYSTEM
200068,Lenovo Furniture Model 69,Home,Furniture,Lenovo,Lenovo Supplier,1172.65,1320.59,PRODUCT_SYSTEM
200069,Sony Personal Care Model 70,Beauty,Personal Care,Sony,Sony Supplier,214.43,345.15,PRODUCT_SYSTEM
200070,Adidas Laptops Model 71,Electronics,Laptops,Adidas,Adidas Supplier,402.47,533.24,PRODUCT_SYSTEM
200071,Dell Furniture Model 72,Home,Furniture,Dell,Dell Supplier,178.16,290.42,PRODUCT_SYSTEM
200072,HP Monitors Model 73,Electronics,Monitors,HP,HP Supplier,407.6,611.95,PRODUCT_SYSTEM
200073,Generic Personal Care Model 74,Beauty,Personal Care,Generic,Generic Supplier,1014.91,1642.52,PRODUCT_SYSTEM
200074,Samsung Personal Care Model 75,Beauty,Personal Care,Samsung,Samsung Supplier,1096.05,1259.44,PRODUCT_SYSTEM
200075,Dell Men Model 76,Clothing,Men,Dell,Dell Supplier,522.88,698.91,PRODUCT_SYSTEM
200076,Lenovo Furniture Model 77,Home,Furniture,Lenovo,Lenovo Supplier,973.09,1150.83,PRODUCT_SYSTEM
200077,Dell Monitors Model 78,Electronics,Monitors,Dell,Dell Supplier,776.84,1271.68,PRODUCT_SYSTEM
200078,Samsung Furniture Model 79,Home,Furniture,Samsung,Samsung Supplier,659.78,1035.46,PRODUCT_SYSTEM
200079,HP Accessories Model 80,Electronics,Accessories,HP,HP Supplier,245.31,304.14,PRODUCT_SYSTEM
200080,Sony Monitors Model 81,Electronics,Monitors,Sony,Sony Supplier,324.68,544.99,PRODUCT_SYSTEM
200081,Dell Personal Care Model 82,Beauty,Personal Care,Dell,Dell Supplier,566.34,684.84,PRODUCT_SYSTEM
200082,Lenovo Monitors Model 83,Electronics,Monitors,Lenovo,Lenovo Supplier,408.83,538.87,PRODUCT_SYSTEM
200083,Dell Women Model 84,Clothing,Women,Dell,Dell Supplier,1050.27,1228.45,PRODUCT_SYSTEM
200084,Lenovo Kitchen Model 85,Home,Kitchen,Lenovo,Lenovo Supplier,665.88,1175.44,PRODUCT_SYSTEM
200085,Dell Fitness Model 86,Sports,Fitness,Dell,Dell Supplier,146.27,184.91,PRODUCT_SYSTEM
200086,Samsung Laptops Model 87,Electronics,Laptops,Samsung,Samsung Supplier,150.93,188.1,PRODUCT_SYSTEM
200087,HP Kitchen Model 88,Home,Kitchen,HP,HP Supplier,54.69,67.97,PRODUCT_SYSTEM
200088,Generic Supplies Model 89,Office,Supplies,Generic,Generic Supplier,720.62,1260.26,PRODUCT_SYSTEM
200089,Dell Furniture Model 90,Home,Furniture,Dell,Dell Supplier,242.6,285.07,PRODUCT_SYSTEM
200090,Logitech Monitors Model 91,Electronics,Monitors,Logitech,Logitech Supplier,964.96,1607.59,PRODUCT_SYSTEM
200091,Samsung Monitors Model 92,Electronics,Monitors,Samsung,Samsung Supplier,375.82,480.52,PRODUCT_SYSTEM
200092,Lenovo Fitness Model 93,Sports,Fitness,Lenovo,Lenovo Supplier,838.08,997.06,PRODUCT_SYSTEM
200093,Dell Personal Care Model 94,Beauty,Personal Care,Dell,Dell Supplier,1152.22,2011.15,PRODUCT_SYSTEM
200094,Samsung Fitness Model 95,Sports,Fitness,Samsung,Samsung Supplier,98.53,124.04,PRODUCT_SYSTEM
200095,Sony Kitchen Model 96,Home,Kitchen,Sony,Sony Supplier,22.29,30.51,PRODUCT_SYSTEM
200096,Sony Monitors Model 97,Electronics,Monitors,Sony,Sony Supplier,505.81,596.35,PRODUCT_SYSTEM
200097,Apple Accessories Model 98,Electronics,Accessories,Apple,Apple Supplier,415.14,743.01,PRODUCT_SYSTEM
200098,Generic Kitchen Model 99,Home,Kitchen,Generic,Generic Supplier,671.68,860.05,PRODUCT_SYSTEM
200099,HP Men Model 100,Clothing,Men,HP,HP Supplier,267.74,332.01,PRODUCT_SYSTEM
200100,Apple Laptops Model 101,Electronics,Laptops,Apple,Apple Supplier,578.04,844.52,PRODUCT_SYSTEM
200101,Logitech Furniture Model 102,Home,Furniture,Logitech,Logitech Supplier,446.52,557.16,PRODUCT_SYSTEM
200102,Lenovo Furniture Model 103,Home,Furniture,Lenovo,Lenovo Supplier,1090.66,1409.92,PRODUCT_SYSTEM
200103,HP Men Model 104,Clothing,Men,HP,HP Supplier,137.71,154.31,PRODUCT_SYSTEM
200104,Nike Laptops Model 105,Electronics,Laptops,Nike,Nike Supplier,797.51,1093.04,PRODUCT_SYSTEM
200105,Samsung Women Model 106,Clothing,Women,Samsung,Samsung Supplier,406.65,540.66,PRODUCT_SYSTEM
200106,Logitech Women Model 107,Clothing,Women,Logitech,Logitech Supplier,609.99,909.5,PRODUCT_SYSTEM
200107,Dell Fitness Model 108,Sports,Fitness,Dell,Dell Supplier,173.37,298.94,PRODUCT_SYSTEM
200108,Adidas Supplies Model 109,Office,Supplies,Adidas,Adidas Supplier,586.35,645.86,PRODUCT_SYSTEM
200109,Apple Supplies Model 110,Office,Supplies,Apple,Apple Supplier,577.75,718.73,PRODUCT_SYSTEM
200110,Apple Personal Care Model 111,Beauty,Personal Care,Apple,Apple Supplier,580.08,689.78,PRODUCT_SYSTEM
200111,Adidas Kitchen Model 112,Home,Kitchen,Adidas,Adidas Supplier,379.94,678.12,PRODUCT_SYSTEM
200112,Lenovo Furniture Model 113,Home,Furniture,Lenovo,Lenovo Supplier,514.16,724.65,PRODUCT_SYSTEM
200113,Logitech Monitors Model 114,Electronics,Monitors,Logitech,Logitech Supplier,908.87,1470.81,PRODUCT_SYSTEM
200114,Adidas Accessories Model 115,Electronics,Accessories,Adidas,Adidas Supplier,478.85,595.2,PRODUCT_SYSTEM
200115,Nike Personal Care Model 116,Beauty,Personal Care,Nike,Nike Supplier,404.16,583.03,PRODUCT_SYSTEM
200116,Dell Monitors Model 117,Electronics,Monitors,Dell,Dell Supplier,221.99,288.84,PRODUCT_SYSTEM
200117,Generic Supplies Model 118,Office,Supplies,Generic,Generic Supplier,990.81,1604.85,PRODUCT_SYSTEM
200118,Logitech Personal Care Model 119,Beauty,Personal Care,Logitech,Logitech Supplier,686.19,832.23,PRODUCT_SYSTEM
200119,Samsung Men Model 120,Clothing,Men,Samsung,Samsung Supplier,616.53,999.83,PRODUCT_SYSTEM
200120,Adidas Accessories Model 121,Electronics,Accessories,Adidas,Adidas Supplier,1064.83,1261.06,PRODUCT_SYSTEM
200121,Lenovo Supplies Model 122,Office,Supplies,Lenovo,Lenovo Supplier,444.7,683.7,PRODUCT_SYSTEM
200122,Apple Fitness Model 123,Sports,Fitness,Apple,Apple Supplier,356.18,435.59,PRODUCT_SYSTEM
200123,Sony Men Model 124,Clothing,Men,Sony,Sony Supplier,369.51,526.68,PRODUCT_SYSTEM
200124,Lenovo Laptops Model 125,Electronics,Laptops,Lenovo,Lenovo Supplier,340.29,393.06,PRODUCT_SYSTEM
200125,HP Furniture Model 126,Home,Furniture,HP,HP Supplier,601.98,1073.3,PRODUCT_SYSTEM
200126,Generic Accessories Model 127,Electronics,Accessories,Generic,Generic Supplier,1016.75,1683.5,PRODUCT_SYSTEM
200127,Sony Kitchen Model 128,Home,Kitchen,Sony,Sony Supplier,1115.93,1408.59,PRODUCT_SYSTEM
200128,Apple Supplies Model 129,Office,Supplies,Apple,Apple Supplier,490.1,716.49,PRODUCT_SYSTEM
200129,Generic Furniture Model 130,Home,Furniture,Generic,Generic Supplier,301.1,499.7,PRODUCT_SYSTEM
200130,Lenovo Personal Care Model 131,Beauty,Personal Care,Lenovo,Lenovo Supplier,36.68,58.32,PRODUCT_SYSTEM
200131,Logitech Fitness Model 132,Sports,Fitness,Logitech,Logitech Supplier,653.64,786.54,PRODUCT_SYSTEM
200132,Dell Personal Care Model 133,Beauty,Personal Care,Dell,Dell Supplier,721.48,1089.21,PRODUCT_SYSTEM
200133,Adidas Men Model 134,Clothing,Men,Adidas,Adidas Supplier,826.5,1181.5,PRODUCT_SYSTEM
200134,Sony Supplies Model 135,Office,Supplies,Sony,Sony Supplier,966.59,1347.18,PRODUCT_SYSTEM
200135,Logitech Laptops Model 136,Electronics,Laptops,Logitech,Logitech Supplier,798.2,1240.66,PRODUCT_SYSTEM
200136,Lenovo Women Model 137,Clothing,Women,Lenovo,Lenovo Supplier,607.75,1019.7,PRODUCT_SYSTEM
200137,Generic Supplies Model 138,Office,Supplies,Generic,Generic Supplier,223.65,339.55,PRODUCT_SYSTEM
200138,Sony Personal Care Model 139,Beauty,Personal Care,Sony,Sony Supplier,1111.73,1311.59,PRODUCT_SYSTEM
200139,Generic Accessories Model 140,Electronics,Accessories,Generic,Generic Supplier,770.69,1006.82,PRODUCT_SYSTEM
200140,Adidas Kitchen Model 141,Home,Kitchen,Adidas,Adidas Supplier,1001.88,1728.4,PRODUCT_SYSTEM
200141,Nike Men Model 142,Clothing,Men,Nike,Nike Supplier,154.3,248.92,PRODUCT_SYSTEM
200142,Generic Supplies Model 143,Office,Supplies,Generic,Generic Supplier,101.39,156.53,PRODUCT_SYSTEM
200143,Generic Personal Care Model 144,Beauty,Personal Care,Generic,Generic Supplier,319.64,536.99,PRODUCT_SYSTEM
200144,Lenovo Furniture Model 145,Home,Furniture,Lenovo,Lenovo Supplier,360.51,567.97,PRODUCT_SYSTEM
200145,Samsung Men Model 146,Clothing,Men,Samsung,Samsung Supplier,696.24,824.04,PRODUCT_SYSTEM
200146,Sony Women Model 147,Clothing,Women,Sony,Sony Supplier,1036.1,1171.17,PRODUCT_SYSTEM
200147,Sony Monitors Model 148,Electronics,Monitors,Sony,Sony Supplier,539.38,856.45,PRODUCT_SYSTEM
200148,Samsung Women Model 149,Clothing,Women,Samsung,Samsung Supplier,1161.67,1349.42,PRODUCT_SYSTEM
200149,Lenovo Personal Care Model 150,Beauty,Personal Care,Lenovo,Lenovo Supplier,136.77,212.6,PRODUCT_SYSTEM
200150,Adidas Supplies Model 151,Office,Supplies,Adidas,Adidas Supplier,1027.82,1226.68,PRODUCT_SYSTEM
200151,Sony Women Model 152,Clothing,Women,Sony,Sony Supplier,826.68,1438.92,PRODUCT_SYSTEM
200152,Nike Accessories Model 153,Electronics,Accessories,Nike,Nike Supplier,1167.6,1806.73,PRODUCT_SYSTEM
200153,Apple Women Model 154,Clothing,Women,Apple,Apple Supplier,321.24,426.66,PRODUCT_SYSTEM
200154,Samsung Monitors Model 155,Electronics,Monitors,Samsung,Samsung Supplier,1111.89,1897.92,PRODUCT_SYSTEM
200155,Generic Personal Care Model 156,Beauty,Personal Care,Generic,Generic Supplier,450.22,546.04,PRODUCT_SYSTEM
200156,Sony Men Model 157,Clothing,Men,Sony,Sony Supplier,903.38,1397.43,PRODUCT_SYSTEM
200157,Nike Kitchen Model 158,Home,Kitchen,Nike,Nike Supplier,1116.03,1975.96,PRODUCT_SYSTEM
200158,Lenovo Furniture Model 159,Home,Furniture,Lenovo,Lenovo Supplier,413.56,701.65,PRODUCT_SYSTEM
200159,Nike Furniture Model 160,Home,Furniture,Nike,Nike Supplier,33.2,47.18,PRODUCT_SYSTEM
200160,Logitech Accessories Model 161,Electronics,Accessories,Logitech,Logitech Supplier,1036.75,1694.64,PRODUCT_SYSTEM
200161,HP Accessories Model 162,Electronics,Accessories,HP,HP Supplier,32.03,52.86,PRODUCT_SYSTEM
200162,Dell Accessories Model 163,Electronics,Accessories,Dell,Dell Supplier,880.6,1053.29,PRODUCT_SYSTEM
200163,HP Furniture Model 164,Home,Furniture,HP,HP Supplier,619.69,1020.24,PRODUCT_SYSTEM
200164,Nike Personal Care Model 165,Beauty,Personal Care,Nike,Nike Supplier,1183.88,1815.37,PRODUCT_SYSTEM
200165,Dell Supplies Model 166,Office,Supplies,Dell,Dell Supplier,748.82,1273.14,PRODUCT_SYSTEM
200166,Samsung Fitness Model 167,Sports,Fitness,Samsung,Samsung Supplier,844.07,1149.65,PRODUCT_SYSTEM
200167,Apple Kitchen Model 168,Home,Kitchen,Apple,Apple Supplier,442.4,643.47,PRODUCT_SYSTEM
200168,Samsung Men Model 169,Clothing,Men,Samsung,Samsung Supplier,283.39,463.56,PRODUCT_SYSTEM
200169,Dell Personal Care Model 170,Beauty,Personal Care,Dell,Dell Supplier,949.16,1421.66,PRODUCT_SYSTEM
200170,Adidas Personal Care Model 171,Beauty,Personal Care,Adidas,Adidas Supplier,964.83,1714.65,PRODUCT_SYSTEM
200171,Samsung Supplies Model 172,Office,Supplies,Samsung,Samsung Supplier,1019.61,1550.0,PRODUCT_SYSTEM
200172,Nike Personal Care Model 173,Beauty,Personal Care,Nike,Nike Supplier,581.71,653.43,PRODUCT_SYSTEM
200173,Generic Supplies Model 174,Office,Supplies,Generic,Generic Supplier,952.9,1237.27,PRODUCT_SYSTEM
200174,HP Women Model 175,Clothing,Women,HP,HP Supplier,1096.34,1852.2,PRODUCT_SYSTEM
200175,Samsung Accessories Model 176,Electronics,Accessories,Samsung,Samsung Supplier,1010.6,1339.03,PRODUCT_SYSTEM
200176,Nike Women Model 177,Clothing,Women,Nike,Nike Supplier,1120.38,1891.3,PRODUCT_SYSTEM
200177,Dell Personal Care Model 178,Beauty,Personal Care,Dell,Dell Supplier,227.05,329.85,PRODUCT_SYSTEM
200178,Lenovo Personal Care Model 179,Beauty,Personal Care,Lenovo,Lenovo Supplier,540.28,688.28,PRODUCT_SYSTEM
200179,Logitech Supplies Model 180,Office,Supplies,Logitech,Logitech Supplier,549.86,929.64,PRODUCT_SYSTEM
200180,Logitech Fitness Model 181,Sports,Fitness,Logitech,Logitech Supplier,179.61,204.0,PRODUCT_SYSTEM
200181,Nike Monitors Model 182,Electronics,Monitors,Nike,Nike Supplier,107.18,191.05,PRODUCT_SYSTEM
200182,HP Supplies Model 183,Office,Supplies,HP,HP Supplier,1050.98,1507.0,PRODUCT_SYSTEM
200183,Logitech Fitness Model 184,Sports,Fitness,Logitech,Logitech Supplier,163.42,280.87,PRODUCT_SYSTEM
200184,Lenovo Monitors Model 185,Electronics,Monitors,Lenovo,Lenovo Supplier,1025.13,1218.25,PRODUCT_SYSTEM
200185,Lenovo Supplies Model 186,Office,Supplies,Lenovo,Lenovo Supplier,764.19,1288.77,PRODUCT_SYSTEM
200186,Adidas Kitchen Model 187,Home,Kitchen,Adidas,Adidas Supplier,888.16,1104.51,PRODUCT_SYSTEM
200187,Nike Kitchen Model 188,Home,Kitchen,Nike,Nike Supplier,65.83,102.04,PRODUCT_SYSTEM
200188,Lenovo Furniture Model 189,Home,Furniture,Lenovo,Lenovo Supplier,474.84,840.02,PRODUCT_SYSTEM
200189,Lenovo Women Model 190,Clothing,Women,Lenovo,Lenovo Supplier,803.05,913.66,PRODUCT_SYSTEM
200190,Adidas Fitness Model 191,Sports,Fitness,Adidas,Adidas Supplier,548.72,648.36,PRODUCT_SYSTEM
200191,HP Men Model 192,Clothing,Men,HP,HP Supplier,1122.27,1437.06,PRODUCT_SYSTEM
200192,HP Laptops Model 193,Electronics,Laptops,HP,HP Supplier,275.52,450.6,PRODUCT_SYSTEM
200193,Adidas Women Model 194,Clothing,Women,Adidas,Adidas Supplier,490.84,727.59,PRODUCT_SYSTEM
200194,Samsung Accessories Model 195,Electronics,Accessories,Samsung,Samsung Supplier,610.67,944.76,PRODUCT_SYSTEM
200195,Dell Fitness Model 196,Sports,Fitness,Dell,Dell Supplier,538.11,766.0,PRODUCT_SYSTEM
200196,Apple Fitness Model 197,Sports,Fitness,Apple,Apple Supplier,17.48,29.97,PRODUCT_SYSTEM
200197,Apple Monitors Model 198,Electronics,Monitors,Apple,Apple Supplier,916.25,1563.07,PRODUCT_SYSTEM
200198,Samsung Women Model 199,Clothing,Women,Samsung,Samsung Supplier,966.06,1367.63,PRODUCT_SYSTEM
200199,HP Furniture Model 200,Home,Furniture,HP,HP Supplier,111.05,128.87,PRODUCT_SYSTEM
200200,Sony Personal Care Model 201,Beauty,Personal Care,Sony,Sony Supplier,807.47,1279.66,PRODUCT_SYSTEM
200201,Sony Men Model 202,Clothing,Men,Sony,Sony Supplier,409.74,693.06,PRODUCT_SYSTEM
200202,Generic Laptops Model 203,Electronics,Laptops,Generic,Generic Supplier,574.71,804.06,PRODUCT_SYSTEM
200203,Apple Kitchen Model 204,Home,Kitchen,Apple,Apple Supplier,963.21,1526.21,PRODUCT_SYSTEM
200204,Samsung Monitors Model 205,Electronics,Monitors,Samsung,Samsung Supplier,818.26,1031.11,PRODUCT_SYSTEM
200205,Lenovo Kitchen Model 206,Home,Kitchen,Lenovo,Lenovo Supplier,132.12,175.38,PRODUCT_SYSTEM
200206,HP Supplies Model 207,Office,Supplies,HP,HP Supplier,222.95,382.56,PRODUCT_SYSTEM
200207,Samsung Laptops Model 208,Electronics,Laptops,Samsung,Samsung Supplier,1137.4,1697.11,PRODUCT_SYSTEM
200208,Apple Accessories Model 209,Electronics,Accessories,Apple,Apple Supplier,140.69,209.17,PRODUCT_SYSTEM
200209,Logitech Monitors Model 210,Electronics,Monitors,Logitech,Logitech Supplier,1109.91,1915.32,PRODUCT_SYSTEM
200210,Generic Furniture Model 211,Home,Furniture,Generic,Generic Supplier,424.15,499.6,PRODUCT_SYSTEM
200211,Generic Fitness Model 212,Sports,Fitness,Generic,Generic Supplier,391.33,618.76,PRODUCT_SYSTEM
200212,HP Monitors Model 213,Electronics,Monitors,HP,HP Supplier,965.57,1161.41,PRODUCT_SYSTEM
200213,Sony Furniture Model 214,Home,Furniture,Sony,Sony Supplier,396.26,649.51,PRODUCT_SYSTEM
200214,Generic Women Model 215,Clothing,Women,Generic,Generic Supplier,510.03,806.42,PRODUCT_SYSTEM
200215,Dell Men Model 216,Clothing,Men,Dell,Dell Supplier,1085.47,1846.78,PRODUCT_SYSTEM
200216,Lenovo Men Model 217,Clothing,Men,Lenovo,Lenovo Supplier,462.85,660.61,PRODUCT_SYSTEM
200217,Apple Women Model 218,Clothing,Women,Apple,Apple Supplier,463.93,513.56,PRODUCT_SYSTEM
200218,HP Laptops Model 219,Electronics,Laptops,HP,HP Supplier,861.7,984.01,PRODUCT_SYSTEM
200219,Sony Fitness Model 220,Sports,Fitness,Sony,Sony Supplier,38.43,44.84,PRODUCT_SYSTEM
200220,Logitech Women Model 221,Clothing,Women,Logitech,Logitech Supplier,217.7,350.72,PRODUCT_SYSTEM
200221,Dell Laptops Model 222,Electronics,Laptops,Dell,Dell Supplier,793.01,1274.84,PRODUCT_SYSTEM
200222,Nike Laptops Model 223,Electronics,Laptops,Nike,Nike Supplier,746.26,963.71,PRODUCT_SYSTEM
200223,Generic Women Model 224,Clothing,Women,Generic,Generic Supplier,1066.13,1782.71,PRODUCT_SYSTEM
200224,Logitech Supplies Model 225,Office,Supplies,Logitech,Logitech Supplier,126.0,155.37,PRODUCT_SYSTEM
200225,Sony Accessories Model 226,Electronics,Accessories,Sony,Sony Supplier,522.73,703.41,PRODUCT_SYSTEM
200226,Samsung Supplies Model 227,Office,Supplies,Samsung,Samsung Supplier,190.33,296.11,PRODUCT_SYSTEM
200227,Dell Monitors Model 228,Electronics,Monitors,Dell,Dell Supplier,301.55,386.69,PRODUCT_SYSTEM
200228,Adidas Kitchen Model 229,Home,Kitchen,Adidas,Adidas Supplier,989.25,1160.18,PRODUCT_SYSTEM
200229,Adidas Fitness Model 230,Sports,Fitness,Adidas,Adidas Supplier,681.76,1166.6,PRODUCT_SYSTEM
200230,HP Fitness Model 231,Sports,Fitness,HP,HP Supplier,649.74,814.38,PRODUCT_SYSTEM
200231,Nike Accessories Model 232,Electronics,Accessories,Nike,Nike Supplier,291.64,362.58,PRODUCT_SYSTEM
200232,Lenovo Personal Care Model 233,Beauty,Personal Care,Lenovo,Lenovo Supplier,946.49,1403.0,PRODUCT_SYSTEM
200233,Apple Fitness Model 234,Sports,Fitness,Apple,Apple Supplier,860.46,1193.02,PRODUCT_SYSTEM
200234,Sony Personal Care Model 235,Beauty,Personal Care,Sony,Sony Supplier,393.43,544.49,PRODUCT_SYSTEM
200235,Nike Kitchen Model 236,Home,Kitchen,Nike,Nike Supplier,66.71,101.73,PRODUCT_SYSTEM
200236,Dell Furniture Model 237,Home,Furniture,Dell,Dell Supplier,745.31,1076.34,PRODUCT_SYSTEM
200237,Lenovo Personal Care Model 238,Beauty,Personal Care,Lenovo,Lenovo Supplier,399.83,468.85,PRODUCT_SYSTEM
200238,Generic Furniture Model 239,Home,Furniture,Generic,Generic Supplier,898.15,1535.29,PRODUCT_SYSTEM
200239,Sony Personal Care Model 240,Beauty,Personal Care,Sony,Sony Supplier,742.07,818.85,PRODUCT_SYSTEM
200240,Sony Women Model 241,Clothing,Women,Sony,Sony Supplier,398.01,676.74,PRODUCT_SYSTEM
200241,Sony Women Model 242,Clothing,Women,Sony,Sony Supplier,304.28,473.37,PRODUCT_SYSTEM
200242,Samsung Laptops Model 243,Electronics,Laptops,Samsung,Samsung Supplier,971.84,1228.12,PRODUCT_SYSTEM
200243,Nike Men Model 244,Clothing,Men,Nike,Nike Supplier,141.85,254.95,PRODUCT_SYSTEM
200244,Lenovo Kitchen Model 245,Home,Kitchen,Lenovo,Lenovo Supplier,989.89,1726.83,PRODUCT_SYSTEM
200245,Samsung Laptops Model 246,Electronics,Laptops,Samsung,Samsung Supplier,669.61,742.71,PRODUCT_SYSTEM
200246,Dell Monitors Model 247,Electronics,Monitors,Dell,Dell Supplier,611.65,863.16,PRODUCT_SYSTEM
200247,Dell Personal Care Model 248,Beauty,Personal Care,Dell,Dell Supplier,42.73,49.18,PRODUCT_SYSTEM
200248,Generic Women Model 249,Clothing,Women,Generic,Generic Supplier,649.92,1031.13,PRODUCT_SYSTEM
200249,Nike Furniture Model 250,Home,Furniture,Nike,Nike Supplier,636.0,749.7,PRODUCT_SYSTEM
200250,Sony Laptops Model 251,Electronics,Laptops,Sony,Sony Supplier,553.55,806.0,PRODUCT_SYSTEM
200251,Sony Kitchen Model 252,Home,Kitchen,Sony,Sony Supplier,839.08,1071.6,PRODUCT_SYSTEM
200252,Logitech Supplies Model 253,Office,Supplies,Logitech,Logitech Supplier,930.74,1573.09,PRODUCT_SYSTEM
200253,HP Accessories Model 254,Electronics,Accessories,HP,HP Supplier,490.1,585.04,PRODUCT_SYSTEM
200254,Generic Monitors Model 255,Electronics,Monitors,Generic,Generic Supplier,817.95,1089.73,PRODUCT_SYSTEM
200255,Apple Monitors Model 256,Electronics,Monitors,Apple,Apple Supplier,684.08,925.96,PRODUCT_SYSTEM
200256,Lenovo Accessories Model 257,Electronics,Accessories,Lenovo,Lenovo Supplier,427.55,696.68,PRODUCT_SYSTEM
200257,Dell Accessories Model 258,Electronics,Accessories,Dell,Dell Supplier,490.89,662.55,PRODUCT_SYSTEM
200258,Lenovo Kitchen Model 259,Home,Kitchen,Lenovo,Lenovo Supplier,211.28,362.25,PRODUCT_SYSTEM
200259,Apple Laptops Model 260,Electronics,Laptops,Apple,Apple Supplier,13.22,23.79,PRODUCT_SYSTEM
200260,Adidas Women Model 261,Clothing,Women,Adidas,Adidas Supplier,785.03,1368.42,PRODUCT_SYSTEM
200261,Sony Fitness Model 262,Sports,Fitness,Sony,Sony Supplier,894.97,1051.38,PRODUCT_SYSTEM
200262,Nike Furniture Model 263,Home,Furniture,Nike,Nike Supplier,1076.38,1308.76,PRODUCT_SYSTEM
200263,Adidas Accessories Model 264,Electronics,Accessories,Adidas,Adidas Supplier,445.61,784.04,PRODUCT_SYSTEM
200264,Generic Fitness Model 265,Sports,Fitness,Generic,Generic Supplier,1157.71,1828.49,PRODUCT_SYSTEM
200265,Sony Monitors Model 266,Electronics,Monitors,Sony,Sony Supplier,678.61,915.11,PRODUCT_SYSTEM
200266,Adidas Women Model 267,Clothing,Women,Adidas,Adidas Supplier,90.86,102.8,PRODUCT_SYSTEM
200267,Logitech Men Model 268,Clothing,Men,Logitech,Logitech Supplier,176.03,244.92,PRODUCT_SYSTEM
200268,Generic Monitors Model 269,Electronics,Monitors,Generic,Generic Supplier,811.94,1238.41,PRODUCT_SYSTEM
200269,Logitech Laptops Model 270,Electronics,Laptops,Logitech,Logitech Supplier,539.81,772.0,PRODUCT_SYSTEM
200270,Dell Furniture Model 271,Home,Furniture,Dell,Dell Supplier,121.4,200.93,PRODUCT_SYSTEM
200271,Logitech Supplies Model 272,Office,Supplies,Logitech,Logitech Supplier,940.15,1681.58,PRODUCT_SYSTEM
200272,Generic Supplies Model 273,Office,Supplies,Generic,Generic Supplier,267.05,355.48,PRODUCT_SYSTEM
200273,HP Women Model 274,Clothing,Women,HP,HP Supplier,141.6,254.15,PRODUCT_SYSTEM
200274,Sony Monitors Model 275,Electronics,Monitors,Sony,Sony Supplier,691.65,779.85,PRODUCT_SYSTEM
200275,Nike Laptops Model 276,Electronics,Laptops,Nike,Nike Supplier,321.44,538.11,PRODUCT_SYSTEM
200276,Samsung Men Model 277,Clothing,Men,Samsung,Samsung Supplier,276.64,393.02,PRODUCT_SYSTEM
200277,Adidas Personal Care Model 278,Beauty,Personal Care,Adidas,Adidas Supplier,646.01,747.45,PRODUCT_SYSTEM
200278,Adidas Women Model 279,Clothing,Women,Adidas,Adidas Supplier,177.62,289.45,PRODUCT_SYSTEM
200279,Nike Laptops Model 280,Electronics,Laptops,Nike,Nike Supplier,456.45,748.94,PRODUCT_SYSTEM
200280,HP Laptops Model 281,Electronics,Laptops,HP,HP Supplier,801.01,1311.05,PRODUCT_SYSTEM
200281,HP Supplies Model 282,Office,Supplies,HP,HP Supplier,644.8,995.25,PRODUCT_SYSTEM
200282,Apple Men Model 283,Clothing,Men,Apple,Apple Supplier,305.84,415.33,PRODUCT_SYSTEM
200283,Nike Men Model 284,Clothing,Men,Nike,Nike Supplier,490.52,785.47,PRODUCT_SYSTEM
200284,Nike Fitness Model 285,Sports,Fitness,Nike,Nike Supplier,859.74,1024.54,PRODUCT_SYSTEM
200285,Sony Supplies Model 286,Office,Supplies,Sony,Sony Supplier,707.15,967.0,PRODUCT_SYSTEM
200286,Apple Men Model 287,Clothing,Men,Apple,Apple Supplier,215.34,332.48,PRODUCT_SYSTEM
200287,Nike Furniture Model 288,Home,Furniture,Nike,Nike Supplier,1007.77,1256.19,PRODUCT_SYSTEM
200288,HP Laptops Model 289,Electronics,Laptops,HP,HP Supplier,549.59,979.96,PRODUCT_SYSTEM
200289,Lenovo Monitors Model 290,Electronics,Monitors,Lenovo,Lenovo Supplier,1023.59,1656.27,PRODUCT_SYSTEM
200290,Samsung Fitness Model 291,Sports,Fitness,Samsung,Samsung Supplier,725.59,1139.51,PRODUCT_SYSTEM
200291,Adidas Fitness Model 292,Sports,Fitness,Adidas,Adidas Supplier,758.61,1199.97,PRODUCT_SYSTEM
200292,Logitech Men Model 293,Clothing,Men,Logitech,Logitech Supplier,321.81,471.93,PRODUCT_SYSTEM
200293,Sony Laptops Model 294,Electronics,Laptops,Sony,Sony Supplier,208.31,308.2,PRODUCT_SYSTEM
200294,Sony Kitchen Model 295,Home,Kitchen,Sony,Sony Supplier,475.99,524.59,PRODUCT_SYSTEM
200295,Adidas Fitness Model 296,Sports,Fitness,Adidas,Adidas Supplier,634.88,845.83,PRODUCT_SYSTEM
200296,Generic Women Model 297,Clothing,Women,Generic,Generic Supplier,732.09,1252.89,PRODUCT_SYSTEM
200297,Dell Accessories Model 298,Electronics,Accessories,Dell,Dell Supplier,750.07,1177.51,PRODUCT_SYSTEM
200298,Logitech Furniture Model 299,Home,Furniture,Logitech,Logitech Supplier,881.85,1538.66,PRODUCT_SYSTEM
200299,Samsung Kitchen Model 300,Home,Kitchen,Samsung,Samsung Supplier,118.47,180.49,PRODUCT_SYSTEM
200300,Sony Furniture Model 301,Home,Furniture,Sony,Sony Supplier,1149.27,1692.18,PRODUCT_SYSTEM
200301,Lenovo Supplies Model 302,Office,Supplies,Lenovo,Lenovo Supplier,305.85,411.38,PRODUCT_SYSTEM
200302,Sony Laptops Model 303,Electronics,Laptops,Sony,Sony Supplier,378.07,460.43,PRODUCT_SYSTEM
200303,Sony Laptops Model 304,Electronics,Laptops,Sony,Sony Supplier,823.57,1342.78,PRODUCT_SYSTEM
200304,Dell Kitchen Model 305,Home,Kitchen,Dell,Dell Supplier,488.65,611.31,PRODUCT_SYSTEM
200305,Lenovo Fitness Model 306,Sports,Fitness,Lenovo,Lenovo Supplier,922.74,1200.93,PRODUCT_SYSTEM
200306,Nike Monitors Model 307,Electronics,Monitors,Nike,Nike Supplier,70.69,80.85,PRODUCT_SYSTEM
200307,Nike Furniture Model 308,Home,Furniture,Nike,Nike Supplier,705.5,903.1,PRODUCT_SYSTEM
200308,Sony Men Model 309,Clothing,Men,Sony,Sony Supplier,958.42,1132.6,PRODUCT_SYSTEM
200309,Lenovo Laptops Model 310,Electronics,Laptops,Lenovo,Lenovo Supplier,965.27,1516.56,PRODUCT_SYSTEM
200310,HP Laptops Model 311,Electronics,Laptops,HP,HP Supplier,1047.2,1706.92,PRODUCT_SYSTEM
200311,Adidas Laptops Model 312,Electronics,Laptops,Adidas,Adidas Supplier,921.8,1284.2,PRODUCT_SYSTEM
200312,Samsung Laptops Model 313,Electronics,Laptops,Samsung,Samsung Supplier,870.68,1364.06,PRODUCT_SYSTEM
200313,Nike Monitors Model 314,Electronics,Monitors,Nike,Nike Supplier,67.3,115.5,PRODUCT_SYSTEM
200314,Apple Women Model 315,Clothing,Women,Apple,Apple Supplier,529.53,634.65,PRODUCT_SYSTEM
200315,Apple Accessories Model 316,Electronics,Accessories,Apple,Apple Supplier,575.46,727.66,PRODUCT_SYSTEM
200316,Nike Women Model 317,Clothing,Women,Nike,Nike Supplier,1046.15,1257.6,PRODUCT_SYSTEM
200317,Generic Fitness Model 318,Sports,Fitness,Generic,Generic Supplier,511.32,917.95,PRODUCT_SYSTEM
200318,Nike Fitness Model 319,Sports,Fitness,Nike,Nike Supplier,274.71,421.27,PRODUCT_SYSTEM
200319,Lenovo Women Model 320,Clothing,Women,Lenovo,Lenovo Supplier,1168.68,1358.62,PRODUCT_SYSTEM
200320,Apple Supplies Model 321,Office,Supplies,Apple,Apple Supplier,58.54,79.62,PRODUCT_SYSTEM
200321,HP Women Model 322,Clothing,Women,HP,HP Supplier,911.84,1370.25,PRODUCT_SYSTEM
200322,Lenovo Kitchen Model 323,Home,Kitchen,Lenovo,Lenovo Supplier,423.43,595.2,PRODUCT_SYSTEM
200323,Generic Men Model 324,Clothing,Men,Generic,Generic Supplier,206.39,242.99,PRODUCT_SYSTEM
200324,Dell Men Model 325,Clothing,Men,Dell,Dell Supplier,864.8,1529.41,PRODUCT_SYSTEM
200325,Samsung Supplies Model 326,Office,Supplies,Samsung,Samsung Supplier,489.91,704.58,PRODUCT_SYSTEM
200326,Lenovo Women Model 327,Clothing,Women,Lenovo,Lenovo Supplier,567.05,888.07,PRODUCT_SYSTEM
200327,Adidas Fitness Model 328,Sports,Fitness,Adidas,Adidas Supplier,292.17,464.29,PRODUCT_SYSTEM
200328,Samsung Men Model 329,Clothing,Men,Samsung,Samsung Supplier,1059.02,1904.88,PRODUCT_SYSTEM
200329,Sony Fitness Model 330,Sports,Fitness,Sony,Sony Supplier,651.82,1116.92,PRODUCT_SYSTEM
200330,Nike Kitchen Model 331,Home,Kitchen,Nike,Nike Supplier,98.48,123.41,PRODUCT_SYSTEM
200331,Adidas Supplies Model 332,Office,Supplies,Adidas,Adidas Supplier,114.46,172.78,PRODUCT_SYSTEM
200332,Logitech Fitness Model 333,Sports,Fitness,Logitech,Logitech Supplier,308.12,529.02,PRODUCT_SYSTEM
200333,Apple Furniture Model 334,Home,Furniture,Apple,Apple Supplier,1012.51,1329.01,PRODUCT_SYSTEM
200334,Lenovo Furniture Model 335,Home,Furniture,Lenovo,Lenovo Supplier,1054.89,1882.89,PRODUCT_SYSTEM
200335,Generic Fitness Model 336,Sports,Fitness,Generic,Generic Supplier,142.51,189.99,PRODUCT_SYSTEM
200336,Logitech Personal Care Model 337,Beauty,Personal Care,Logitech,Logitech Supplier,14.14,21.06,PRODUCT_SYSTEM
200337,Adidas Monitors Model 338,Electronics,Monitors,Adidas,Adidas Supplier,602.06,822.37,PRODUCT_SYSTEM
200338,Apple Kitchen Model 339,Home,Kitchen,Apple,Apple Supplier,340.5,476.69,PRODUCT_SYSTEM
200339,Apple Monitors Model 340,Electronics,Monitors,Apple,Apple Supplier,1008.0,1133.44,PRODUCT_SYSTEM
200340,Generic Monitors Model 341,Electronics,Monitors,Generic,Generic Supplier,420.33,611.65,PRODUCT_SYSTEM
200341,Lenovo Monitors Model 342,Electronics,Monitors,Lenovo,Lenovo Supplier,114.42,174.91,PRODUCT_SYSTEM
200342,Generic Accessories Model 343,Electronics,Accessories,Generic,Generic Supplier,836.96,1173.16,PRODUCT_SYSTEM
200343,Lenovo Furniture Model 344,Home,Furniture,Lenovo,Lenovo Supplier,1189.11,1951.93,PRODUCT_SYSTEM
200344,HP Kitchen Model 345,Home,Kitchen,HP,HP Supplier,25.71,29.66,PRODUCT_SYSTEM
200345,Adidas Monitors Model 346,Electronics,Monitors,Adidas,Adidas Supplier,578.1,782.84,PRODUCT_SYSTEM
200346,Logitech Laptops Model 347,Electronics,Laptops,Logitech,Logitech Supplier,978.32,1282.16,PRODUCT_SYSTEM
200347,Lenovo Furniture Model 348,Home,Furniture,Lenovo,Lenovo Supplier,777.15,951.05,PRODUCT_SYSTEM
200348,Sony Monitors Model 349,Electronics,Monitors,Sony,Sony Supplier,203.44,317.86,PRODUCT_SYSTEM
200349,Dell Fitness Model 350,Sports,Fitness,Dell,Dell Supplier,1157.15,2018.1,PRODUCT_SYSTEM
200350,Dell Personal Care Model 351,Beauty,Personal Care,Dell,Dell Supplier,160.87,184.09,PRODUCT_SYSTEM
200351,Dell Accessories Model 352,Electronics,Accessories,Dell,Dell Supplier,190.9,316.13,PRODUCT_SYSTEM
200352,Logitech Personal Care Model 353,Beauty,Personal Care,Logitech,Logitech Supplier,949.54,1185.63,PRODUCT_SYSTEM
200353,Logitech Men Model 354,Clothing,Men,Logitech,Logitech Supplier,25.53,40.29,PRODUCT_SYSTEM
200354,Logitech Laptops Model 355,Electronics,Laptops,Logitech,Logitech Supplier,781.61,1306.64,PRODUCT_SYSTEM
200355,Generic Women Model 356,Clothing,Women,Generic,Generic Supplier,535.45,882.25,PRODUCT_SYSTEM
200356,Nike Supplies Model 357,Office,Supplies,Nike,Nike Supplier,276.48,447.85,PRODUCT_SYSTEM
200357,HP Men Model 358,Clothing,Men,HP,HP Supplier,525.62,851.18,PRODUCT_SYSTEM
200358,Dell Kitchen Model 359,Home,Kitchen,Dell,Dell Supplier,30.85,46.68,PRODUCT_SYSTEM
200359,HP Kitchen Model 360,Home,Kitchen,HP,HP Supplier,169.79,243.67,PRODUCT_SYSTEM
200360,Generic Supplies Model 361,Office,Supplies,Generic,Generic Supplier,1188.57,1926.65,PRODUCT_SYSTEM
200361,Nike Furniture Model 362,Home,Furniture,Nike,Nike Supplier,465.39,702.31,PRODUCT_SYSTEM
200362,Logitech Monitors Model 363,Electronics,Monitors,Logitech,Logitech Supplier,1176.01,2068.12,PRODUCT_SYSTEM
200363,Adidas Personal Care Model 364,Beauty,Personal Care,Adidas,Adidas Supplier,1038.06,1850.21,PRODUCT_SYSTEM
200364,HP Supplies Model 365,Office,Supplies,HP,HP Supplier,191.16,333.03,PRODUCT_SYSTEM
200365,HP Supplies Model 366,Office,Supplies,HP,HP Supplier,351.97,600.52,PRODUCT_SYSTEM
200366,Samsung Kitchen Model 367,Home,Kitchen,Samsung,Samsung Supplier,207.04,277.18,PRODUCT_SYSTEM
200367,Sony Monitors Model 368,Electronics,Monitors,Sony,Sony Supplier,113.9,144.03,PRODUCT_SYSTEM
200368,Logitech Fitness Model 369,Sports,Fitness,Logitech,Logitech Supplier,181.74,311.99,PRODUCT_SYSTEM
200369,Lenovo Women Model 370,Clothing,Women,Lenovo,Lenovo Supplier,1028.83,1301.1,PRODUCT_SYSTEM
200370,Logitech Furniture Model 371,Home,Furniture,Logitech,Logitech Supplier,17.89,25.03,PRODUCT_SYSTEM
200371,Dell Furniture Model 372,Home,Furniture,Dell,Dell Supplier,98.09,153.98,PRODUCT_SYSTEM
200372,Nike Furniture Model 373,Home,Furniture,Nike,Nike Supplier,171.92,213.98,PRODUCT_SYSTEM
200373,Nike Fitness Model 374,Sports,Fitness,Nike,Nike Supplier,861.79,1322.26,PRODUCT_SYSTEM
200374,Samsung Women Model 375,Clothing,Women,Samsung,Samsung Supplier,892.25,1059.36,PRODUCT_SYSTEM
200375,HP Furniture Model 376,Home,Furniture,HP,HP Supplier,872.66,1067.39,PRODUCT_SYSTEM
200376,Dell Accessories Model 377,Electronics,Accessories,Dell,Dell Supplier,977.26,1127.38,PRODUCT_SYSTEM
200377,Generic Women Model 378,Clothing,Women,Generic,Generic Supplier,40.81,61.24,PRODUCT_SYSTEM
200378,Apple Furniture Model 379,Home,Furniture,Apple,Apple Supplier,611.31,922.67,PRODUCT_SYSTEM
200379,Logitech Furniture Model 380,Home,Furniture,Logitech,Logitech Supplier,251.9,383.08,PRODUCT_SYSTEM
200380,Logitech Monitors Model 381,Electronics,Monitors,Logitech,Logitech Supplier,621.95,966.77,PRODUCT_SYSTEM
200381,Generic Monitors Model 382,Electronics,Monitors,Generic,Generic Supplier,676.9,1214.66,PRODUCT_SYSTEM
200382,Apple Fitness Model 383,Sports,Fitness,Apple,Apple Supplier,198.26,337.22,PRODUCT_SYSTEM
200383,Samsung Women Model 384,Clothing,Women,Samsung,Samsung Supplier,676.46,936.84,PRODUCT_SYSTEM
200384,Dell Women Model 385,Clothing,Women,Dell,Dell Supplier,656.99,845.01,PRODUCT_SYSTEM
200385,HP Furniture Model 386,Home,Furniture,HP,HP Supplier,1107.8,1718.21,PRODUCT_SYSTEM
200386,Lenovo Women Model 387,Clothing,Women,Lenovo,Lenovo Supplier,219.19,324.32,PRODUCT_SYSTEM
200387,Adidas Supplies Model 388,Office,Supplies,Adidas,Adidas Supplier,862.81,954.15,PRODUCT_SYSTEM
200388,Adidas Women Model 389,Clothing,Women,Adidas,Adidas Supplier,1189.25,1684.38,PRODUCT_SYSTEM
200389,Lenovo Personal Care Model 390,Beauty,Personal Care,Lenovo,Lenovo Supplier,602.79,856.02,PRODUCT_SYSTEM
200390,Nike Women Model 391,Clothing,Women,Nike,Nike Supplier,684.8,838.79,PRODUCT_SYSTEM
200391,Lenovo Kitchen Model 392,Home,Kitchen,Lenovo,Lenovo Supplier,317.21,384.13,PRODUCT_SYSTEM
200392,HP Furniture Model 393,Home,Furniture,HP,HP Supplier,1122.35,1650.7,PRODUCT_SYSTEM
200393,Sony Fitness Model 394,Sports,Fitness,Sony,Sony Supplier,619.56,693.77,PRODUCT_SYSTEM
200394,Samsung Personal Care Model 395,Beauty,Personal Care,Samsung,Samsung Supplier,825.24,1180.31,PRODUCT_SYSTEM
200395,Generic Accessories Model 396,Electronics,Accessories,Generic,Generic Supplier,53.29,76.69,PRODUCT_SYSTEM
200396,Sony Supplies Model 397,Office,Supplies,Sony,Sony Supplier,1180.52,1956.41,PRODUCT_SYSTEM
200397,Sony Accessories Model 398,Electronics,Accessories,Sony,Sony Supplier,667.54,992.44,PRODUCT_SYSTEM
200398,Sony Monitors Model 399,Electronics,Monitors,Sony,Sony Supplier,559.05,826.62,PRODUCT_SYSTEM
200399,Logitech Women Model 400,Clothing,Women,Logitech,Logitech Supplier,990.68,1221.67,PRODUCT_SYSTEM
200400,Dell Personal Care Model 401,Beauty,Personal Care,Dell,Dell Supplier,406.36,624.16,PRODUCT_SYSTEM
200401,Adidas Supplies Model 402,Office,Supplies,Adidas,Adidas Supplier,453.35,713.57,PRODUCT_SYSTEM
200402,Sony Monitors Model 403,Electronics,Monitors,Sony,Sony Supplier,69.61,88.58,PRODUCT_SYSTEM
200403,Adidas Kitchen Model 404,Home,Kitchen,Adidas,Adidas Supplier,1021.12,1757.64,PRODUCT_SYSTEM
200404,HP Kitchen Model 405,Home,Kitchen,HP,HP Supplier,293.8,416.69,PRODUCT_SYSTEM
200405,Samsung Furniture Model 406,Home,Furniture,Samsung,Samsung Supplier,1088.98,1342.76,PRODUCT_SYSTEM
200406,HP Kitchen Model 407,Home,Kitchen,HP,HP Supplier,820.44,935.91,PRODUCT_SYSTEM
200407,Dell Monitors Model 408,Electronics,Monitors,Dell,Dell Supplier,1106.13,1494.99,PRODUCT_SYSTEM
200408,Lenovo Personal Care Model 409,Beauty,Personal Care,Lenovo,Lenovo Supplier,492.54,571.75,PRODUCT_SYSTEM
200409,Sony Kitchen Model 410,Home,Kitchen,Sony,Sony Supplier,793.62,1089.08,PRODUCT_SYSTEM
200410,Sony Women Model 411,Clothing,Women,Sony,Sony Supplier,1121.54,1279.74,PRODUCT_SYSTEM
200411,HP Personal Care Model 412,Beauty,Personal Care,HP,HP Supplier,567.36,643.61,PRODUCT_SYSTEM
200412,Lenovo Laptops Model 413,Electronics,Laptops,Lenovo,Lenovo Supplier,144.05,184.35,PRODUCT_SYSTEM
200413,Samsung Laptops Model 414,Electronics,Laptops,Samsung,Samsung Supplier,204.27,255.31,PRODUCT_SYSTEM
200414,Generic Supplies Model 415,Office,Supplies,Generic,Generic Supplier,504.26,687.77,PRODUCT_SYSTEM
200415,Adidas Supplies Model 416,Office,Supplies,Adidas,Adidas Supplier,405.01,545.28,PRODUCT_SYSTEM
200416,Generic Accessories Model 417,Electronics,Accessories,Generic,Generic Supplier,939.06,1676.6,PRODUCT_SYSTEM
200417,Generic Laptops Model 418,Electronics,Laptops,Generic,Generic Supplier,807.68,1051.67,PRODUCT_SYSTEM
200418,Apple Fitness Model 419,Sports,Fitness,Apple,Apple Supplier,963.26,1242.54,PRODUCT_SYSTEM
200419,Sony Women Model 420,Clothing,Women,Sony,Sony Supplier,642.91,1023.53,PRODUCT_SYSTEM
200420,Dell Fitness Model 421,Sports,Fitness,Dell,Dell Supplier,642.09,929.12,PRODUCT_SYSTEM
200421,Nike Supplies Model 422,Office,Supplies,Nike,Nike Supplier,898.82,1266.29,PRODUCT_SYSTEM
200422,Samsung Women Model 423,Clothing,Women,Samsung,Samsung Supplier,521.56,651.7,PRODUCT_SYSTEM
200423,Generic Fitness Model 424,Sports,Fitness,Generic,Generic Supplier,839.21,930.11,PRODUCT_SYSTEM
200424,Adidas Laptops Model 425,Electronics,Laptops,Adidas,Adidas Supplier,699.23,1002.35,PRODUCT_SYSTEM
200425,Apple Furniture Model 426,Home,Furniture,Apple,Apple Supplier,268.8,362.51,PRODUCT_SYSTEM
200426,Apple Personal Care Model 427,Beauty,Personal Care,Apple,Apple Supplier,560.86,724.9,PRODUCT_SYSTEM
200427,Sony Men Model 428,Clothing,Men,Sony,Sony Supplier,261.97,342.71,PRODUCT_SYSTEM
200428,Generic Laptops Model 429,Electronics,Laptops,Generic,Generic Supplier,849.7,1206.19,PRODUCT_SYSTEM
200429,HP Supplies Model 430,Office,Supplies,HP,HP Supplier,408.0,457.29,PRODUCT_SYSTEM
200430,Logitech Furniture Model 431,Home,Furniture,Logitech,Logitech Supplier,237.65,423.46,PRODUCT_SYSTEM
200431,Logitech Kitchen Model 432,Home,Kitchen,Logitech,Logitech Supplier,896.87,1602.89,PRODUCT_SYSTEM
200432,Samsung Men Model 433,Clothing,Men,Samsung,Samsung Supplier,1170.27,1686.1,PRODUCT_SYSTEM
200433,Generic Kitchen Model 434,Home,Kitchen,Generic,Generic Supplier,1130.24,1793.51,PRODUCT_SYSTEM
200434,Adidas Monitors Model 435,Electronics,Monitors,Adidas,Adidas Supplier,1175.49,1586.12,PRODUCT_SYSTEM
200435,Apple Kitchen Model 436,Home,Kitchen,Apple,Apple Supplier,917.01,1259.84,PRODUCT_SYSTEM
200436,Apple Monitors Model 437,Electronics,Monitors,Apple,Apple Supplier,151.21,245.22,PRODUCT_SYSTEM
200437,Samsung Supplies Model 438,Office,Supplies,Samsung,Samsung Supplier,460.43,797.46,PRODUCT_SYSTEM
200438,Dell Furniture Model 439,Home,Furniture,Dell,Dell Supplier,59.95,95.43,PRODUCT_SYSTEM
200439,HP Women Model 440,Clothing,Women,HP,HP Supplier,566.28,826.79,PRODUCT_SYSTEM
200440,Sony Women Model 441,Clothing,Women,Sony,Sony Supplier,505.46,897.91,PRODUCT_SYSTEM
200441,Sony Supplies Model 442,Office,Supplies,Sony,Sony Supplier,165.67,269.18,PRODUCT_SYSTEM
200442,Dell Monitors Model 443,Electronics,Monitors,Dell,Dell Supplier,624.58,858.67,PRODUCT_SYSTEM
200443,Samsung Women Model 444,Clothing,Women,Samsung,Samsung Supplier,566.54,781.54,PRODUCT_SYSTEM
200444,Apple Kitchen Model 445,Home,Kitchen,Apple,Apple Supplier,100.1,145.8,PRODUCT_SYSTEM
200445,Sony Monitors Model 446,Electronics,Monitors,Sony,Sony Supplier,680.44,1134.54,PRODUCT_SYSTEM
200446,Sony Men Model 447,Clothing,Men,Sony,Sony Supplier,134.15,233.11,PRODUCT_SYSTEM
200447,Samsung Women Model 448,Clothing,Women,Samsung,Samsung Supplier,558.49,867.17,PRODUCT_SYSTEM
200448,Logitech Monitors Model 449,Electronics,Monitors,Logitech,Logitech Supplier,901.34,1363.69,PRODUCT_SYSTEM
200449,Samsung Women Model 450,Clothing,Women,Samsung,Samsung Supplier,889.4,1327.21,PRODUCT_SYSTEM
200450,Nike Accessories Model 451,Electronics,Accessories,Nike,Nike Supplier,500.87,627.71,PRODUCT_SYSTEM
200451,Generic Furniture Model 452,Home,Furniture,Generic,Generic Supplier,319.46,403.51,PRODUCT_SYSTEM
200452,Dell Men Model 453,Clothing,Men,Dell,Dell Supplier,640.73,1015.38,PRODUCT_SYSTEM
200453,Lenovo Women Model 454,Clothing,Women,Lenovo,Lenovo Supplier,765.97,1249.55,PRODUCT_SYSTEM
200454,Sony Supplies Model 455,Office,Supplies,Sony,Sony Supplier,569.66,718.7,PRODUCT_SYSTEM
200455,Sony Men Model 456,Clothing,Men,Sony,Sony Supplier,402.79,474.38,PRODUCT_SYSTEM
200456,Samsung Men Model 457,Clothing,Men,Samsung,Samsung Supplier,540.72,950.62,PRODUCT_SYSTEM
200457,Generic Men Model 458,Clothing,Men,Generic,Generic Supplier,1108.44,1315.44,PRODUCT_SYSTEM
200458,Adidas Personal Care Model 459,Beauty,Personal Care,Adidas,Adidas Supplier,35.9,41.35,PRODUCT_SYSTEM
200459,Logitech Furniture Model 460,Home,Furniture,Logitech,Logitech Supplier,511.63,746.44,PRODUCT_SYSTEM
200460,Dell Accessories Model 461,Electronics,Accessories,Dell,Dell Supplier,401.21,517.26,PRODUCT_SYSTEM
200461,Logitech Accessories Model 462,Electronics,Accessories,Logitech,Logitech Supplier,529.53,800.85,PRODUCT_SYSTEM
200462,Nike Personal Care Model 463,Beauty,Personal Care,Nike,Nike Supplier,545.24,867.48,PRODUCT_SYSTEM
200463,Sony Laptops Model 464,Electronics,Laptops,Sony,Sony Supplier,815.21,1039.67,PRODUCT_SYSTEM
200464,Adidas Supplies Model 465,Office,Supplies,Adidas,Adidas Supplier,642.37,892.62,PRODUCT_SYSTEM
200465,Lenovo Furniture Model 466,Home,Furniture,Lenovo,Lenovo Supplier,327.67,395.04,PRODUCT_SYSTEM
200466,Generic Supplies Model 467,Office,Supplies,Generic,Generic Supplier,903.69,1576.34,PRODUCT_SYSTEM
200467,Lenovo Laptops Model 468,Electronics,Laptops,Lenovo,Lenovo Supplier,294.57,507.5,PRODUCT_SYSTEM
200468,Nike Men Model 469,Clothing,Men,Nike,Nike Supplier,388.19,519.21,PRODUCT_SYSTEM
200469,Adidas Kitchen Model 470,Home,Kitchen,Adidas,Adidas Supplier,346.77,586.05,PRODUCT_SYSTEM
200470,Samsung Kitchen Model 471,Home,Kitchen,Samsung,Samsung Supplier,86.07,94.9,PRODUCT_SYSTEM
200471,Generic Personal Care Model 472,Beauty,Personal Care,Generic,Generic Supplier,586.12,930.31,PRODUCT_SYSTEM
200472,HP Women Model 473,Clothing,Women,HP,HP Supplier,553.64,884.16,PRODUCT_SYSTEM
200473,Generic Monitors Model 474,Electronics,Monitors,Generic,Generic Supplier,490.15,682.49,PRODUCT_SYSTEM
200474,Nike Fitness Model 475,Sports,Fitness,Nike,Nike Supplier,688.9,1154.5,PRODUCT_SYSTEM
200475,Samsung Personal Care Model 476,Beauty,Personal Care,Samsung,Samsung Supplier,594.63,877.82,PRODUCT_SYSTEM
200476,Lenovo Furniture Model 477,Home,Furniture,Lenovo,Lenovo Supplier,767.74,861.74,PRODUCT_SYSTEM
200477,Generic Men Model 478,Clothing,Men,Generic,Generic Supplier,625.26,705.97,PRODUCT_SYSTEM
200478,Nike Personal Care Model 479,Beauty,Personal Care,Nike,Nike Supplier,884.5,1552.33,PRODUCT_SYSTEM
200479,Samsung Personal Care Model 480,Beauty,Personal Care,Samsung,Samsung Supplier,976.73,1416.17,PRODUCT_SYSTEM
200480,Adidas Personal Care Model 481,Beauty,Personal Care,Adidas,Adidas Supplier,1185.66,2089.84,PRODUCT_SYSTEM
200481,Adidas Furniture Model 482,Home,Furniture,Adidas,Adidas Supplier,89.05,98.78,PRODUCT_SYSTEM
200482,Lenovo Furniture Model 483,Home,Furniture,Lenovo,Lenovo Supplier,1055.79,1368.66,PRODUCT_SYSTEM
200483,Logitech Women Model 484,Clothing,Women,Logitech,Logitech Supplier,102.68,136.98,PRODUCT_SYSTEM
200484,Lenovo Accessories Model 485,Electronics,Accessories,Lenovo,Lenovo Supplier,316.6,435.86,PRODUCT_SYSTEM
200485,Sony Kitchen Model 486,Home,Kitchen,Sony,Sony Supplier,1111.79,1542.96,PRODUCT_SYSTEM
200486,Samsung Furniture Model 487,Home,Furniture,Samsung,Samsung Supplier,177.73,275.67,PRODUCT_SYSTEM
200487,Apple Supplies Model 488,Office,Supplies,Apple,Apple Supplier,441.73,686.48,PRODUCT_SYSTEM
200488,Adidas Men Model 489,Clothing,Men,Adidas,Adidas Supplier,1038.08,1744.89,PRODUCT_SYSTEM
200489,Adidas Kitchen Model 490,Home,Kitchen,Adidas,Adidas Supplier,1047.86,1770.6,PRODUCT_SYSTEM
200490,HP Laptops Model 491,Electronics,Laptops,HP,HP Supplier,695.86,893.1,PRODUCT_SYSTEM
200491,Samsung Kitchen Model 492,Home,Kitchen,Samsung,Samsung Supplier,13.82,16.44,PRODUCT_SYSTEM
200492,Samsung Personal Care Model 493,Beauty,Personal Care,Samsung,Samsung Supplier,273.23,453.18,PRODUCT_SYSTEM
200493,Nike Furniture Model 494,Home,Furniture,Nike,Nike Supplier,1039.38,1211.76,PRODUCT_SYSTEM
200494,Samsung Kitchen Model 495,Home,Kitchen,Samsung,Samsung Supplier,1021.7,1327.18,PRODUCT_SYSTEM
200495,Adidas Women Model 496,Clothing,Women,Adidas,Adidas Supplier,76.87,91.16,PRODUCT_SYSTEM
200496,Samsung Men Model 497,Clothing,Men,Samsung,Samsung Supplier,793.7,1210.61,PRODUCT_SYSTEM
200497,Adidas Women Model 498,Clothing,Women,Adidas,Adidas Supplier,1040.49,1746.77,PRODUCT_SYSTEM
200498,Lenovo Personal Care Model 499,Beauty,Personal Care,Lenovo,Lenovo Supplier,730.27,1017.62,PRODUCT_SYSTEM
200499,Logitech Men Model 500,Clothing,Men,Logitech,Logitech Supplier,637.04,1097.43,PRODUCT_SYSTEM
200500,Nike Furniture Model 501,Home,Furniture,Nike,Nike Supplier,381.23,670.12,PRODUCT_SYSTEM
200501,Samsung Accessories Model 502,Electronics,Accessories,Samsung,Samsung Supplier,19.24,23.01,PRODUCT_SYSTEM
200502,Generic Supplies Model 503,Office,Supplies,Generic,Generic Supplier,817.11,1261.13,PRODUCT_SYSTEM
200503,HP Laptops Model 504,Electronics,Laptops,HP,HP Supplier,464.14,568.16,PRODUCT_SYSTEM
200504,Samsung Accessories Model 505,Electronics,Accessories,Samsung,Samsung Supplier,326.54,508.21,PRODUCT_SYSTEM
200505,Samsung Furniture Model 506,Home,Furniture,Samsung,Samsung Supplier,770.86,1385.85,PRODUCT_SYSTEM
200506,Logitech Monitors Model 507,Electronics,Monitors,Logitech,Logitech Supplier,939.15,1512.36,PRODUCT_SYSTEM
200507,Nike Furniture Model 508,Home,Furniture,Nike,Nike Supplier,643.7,1108.16,PRODUCT_SYSTEM
200508,Lenovo Laptops Model 509,Electronics,Laptops,Lenovo,Lenovo Supplier,647.23,716.61,PRODUCT_SYSTEM
200509,Sony Fitness Model 510,Sports,Fitness,Sony,Sony Supplier,1182.72,1423.87,PRODUCT_SYSTEM
200510,Adidas Furniture Model 511,Home,Furniture,Adidas,Adidas Supplier,1146.12,1551.21,PRODUCT_SYSTEM
200511,Apple Supplies Model 512,Office,Supplies,Apple,Apple Supplier,529.38,799.74,PRODUCT_SYSTEM
200512,Apple Accessories Model 513,Electronics,Accessories,Apple,Apple Supplier,50.34,80.31,PRODUCT_SYSTEM
200513,Samsung Women Model 514,Clothing,Women,Samsung,Samsung Supplier,791.4,1314.42,PRODUCT_SYSTEM
200514,Sony Kitchen Model 515,Home,Kitchen,Sony,Sony Supplier,819.28,1313.28,PRODUCT_SYSTEM
200515,Logitech Monitors Model 516,Electronics,Monitors,Logitech,Logitech Supplier,52.22,71.46,PRODUCT_SYSTEM
200516,Apple Monitors Model 517,Electronics,Monitors,Apple,Apple Supplier,616.57,815.37,PRODUCT_SYSTEM
200517,Apple Men Model 518,Clothing,Men,Apple,Apple Supplier,338.88,510.06,PRODUCT_SYSTEM
200518,Sony Fitness Model 519,Sports,Fitness,Sony,Sony Supplier,7.17,11.67,PRODUCT_SYSTEM
200519,Sony Fitness Model 520,Sports,Fitness,Sony,Sony Supplier,1172.49,1597.21,PRODUCT_SYSTEM
200520,Dell Monitors Model 521,Electronics,Monitors,Dell,Dell Supplier,613.57,752.95,PRODUCT_SYSTEM
200521,Dell Kitchen Model 522,Home,Kitchen,Dell,Dell Supplier,273.1,436.54,PRODUCT_SYSTEM
200522,Generic Accessories Model 523,Electronics,Accessories,Generic,Generic Supplier,450.38,519.98,PRODUCT_SYSTEM
200523,Logitech Accessories Model 524,Electronics,Accessories,Logitech,Logitech Supplier,218.78,375.13,PRODUCT_SYSTEM
200524,Dell Accessories Model 525,Electronics,Accessories,Dell,Dell Supplier,264.66,398.14,PRODUCT_SYSTEM
200525,Adidas Accessories Model 526,Electronics,Accessories,Adidas,Adidas Supplier,381.06,655.8,PRODUCT_SYSTEM
200526,Dell Women Model 527,Clothing,Women,Dell,Dell Supplier,343.33,422.51,PRODUCT_SYSTEM
200527,HP Furniture Model 528,Home,Furniture,HP,HP Supplier,48.29,57.77,PRODUCT_SYSTEM
200528,Generic Kitchen Model 529,Home,Kitchen,Generic,Generic Supplier,106.36,180.14,PRODUCT_SYSTEM
200529,Dell Laptops Model 530,Electronics,Laptops,Dell,Dell Supplier,721.66,1221.76,PRODUCT_SYSTEM
200530,Logitech Supplies Model 531,Office,Supplies,Logitech,Logitech Supplier,820.65,1456.44,PRODUCT_SYSTEM
200531,HP Laptops Model 532,Electronics,Laptops,HP,HP Supplier,734.77,1066.65,PRODUCT_SYSTEM
200532,Samsung Kitchen Model 533,Home,Kitchen,Samsung,Samsung Supplier,976.62,1659.46,PRODUCT_SYSTEM
200533,Dell Women Model 534,Clothing,Women,Dell,Dell Supplier,959.11,1680.89,PRODUCT_SYSTEM
200534,HP Furniture Model 535,Home,Furniture,HP,HP Supplier,1009.59,1613.51,PRODUCT_SYSTEM
200535,Sony Personal Care Model 536,Beauty,Personal Care,Sony,Sony Supplier,826.78,980.16,PRODUCT_SYSTEM
200536,Nike Personal Care Model 537,Beauty,Personal Care,Nike,Nike Supplier,1132.95,1871.31,PRODUCT_SYSTEM
200537,Nike Monitors Model 538,Electronics,Monitors,Nike,Nike Supplier,490.85,547.34,PRODUCT_SYSTEM
200538,Generic Monitors Model 539,Electronics,Monitors,Generic,Generic Supplier,978.96,1588.96,PRODUCT_SYSTEM
200539,Dell Monitors Model 540,Electronics,Monitors,Dell,Dell Supplier,420.61,698.76,PRODUCT_SYSTEM
200540,Dell Furniture Model 541,Home,Furniture,Dell,Dell Supplier,977.57,1548.08,PRODUCT_SYSTEM
200541,Dell Laptops Model 542,Electronics,Laptops,Dell,Dell Supplier,802.87,944.8,PRODUCT_SYSTEM
200542,Sony Laptops Model 543,Electronics,Laptops,Sony,Sony Supplier,810.75,1403.75,PRODUCT_SYSTEM
200543,Adidas Women Model 544,Clothing,Women,Adidas,Adidas Supplier,168.93,189.06,PRODUCT_SYSTEM
200544,HP Kitchen Model 545,Home,Kitchen,HP,HP Supplier,459.62,552.44,PRODUCT_SYSTEM
200545,Apple Laptops Model 546,Electronics,Laptops,Apple,Apple Supplier,741.31,913.21,PRODUCT_SYSTEM
200546,Nike Accessories Model 547,Electronics,Accessories,Nike,Nike Supplier,232.61,380.71,PRODUCT_SYSTEM
200547,Generic Accessories Model 548,Electronics,Accessories,Generic,Generic Supplier,1168.04,1783.52,PRODUCT_SYSTEM
200548,HP Accessories Model 549,Electronics,Accessories,HP,HP Supplier,1183.48,1906.25,PRODUCT_SYSTEM
200549,Apple Accessories Model 550,Electronics,Accessories,Apple,Apple Supplier,893.22,1381.24,PRODUCT_SYSTEM
200550,HP Fitness Model 551,Sports,Fitness,HP,HP Supplier,497.36,801.41,PRODUCT_SYSTEM
200551,Dell Personal Care Model 552,Beauty,Personal Care,Dell,Dell Supplier,1057.02,1477.66,PRODUCT_SYSTEM
200552,Samsung Monitors Model 553,Electronics,Monitors,Samsung,Samsung Supplier,559.38,931.57,PRODUCT_SYSTEM
200553,Sony Personal Care Model 554,Beauty,Personal Care,Sony,Sony Supplier,965.66,1538.85,PRODUCT_SYSTEM
200554,Logitech Monitors Model 555,Electronics,Monitors,Logitech,Logitech Supplier,30.97,55.25,PRODUCT_SYSTEM
200555,Samsung Men Model 556,Clothing,Men,Samsung,Samsung Supplier,388.8,482.69,PRODUCT_SYSTEM
200556,Sony Accessories Model 557,Electronics,Accessories,Sony,Sony Supplier,927.91,1399.58,PRODUCT_SYSTEM
200557,Nike Laptops Model 558,Electronics,Laptops,Nike,Nike Supplier,802.84,892.31,PRODUCT_SYSTEM
200558,Lenovo Women Model 559,Clothing,Women,Lenovo,Lenovo Supplier,1040.62,1515.87,PRODUCT_SYSTEM
200559,Lenovo Women Model 560,Clothing,Women,Lenovo,Lenovo Supplier,993.81,1492.76,PRODUCT_SYSTEM
200560,Samsung Laptops Model 561,Electronics,Laptops,Samsung,Samsung Supplier,983.98,1179.48,PRODUCT_SYSTEM
200561,Sony Supplies Model 562,Office,Supplies,Sony,Sony Supplier,58.9,65.37,PRODUCT_SYSTEM
200562,Dell Fitness Model 563,Sports,Fitness,Dell,Dell Supplier,517.14,710.1,PRODUCT_SYSTEM
200563,Sony Women Model 564,Clothing,Women,Sony,Sony Supplier,387.03,442.19,PRODUCT_SYSTEM
200564,Lenovo Supplies Model 565,Office,Supplies,Lenovo,Lenovo Supplier,899.42,1071.21,PRODUCT_SYSTEM
200565,Adidas Supplies Model 566,Office,Supplies,Adidas,Adidas Supplier,317.97,375.37,PRODUCT_SYSTEM
200566,Lenovo Laptops Model 567,Electronics,Laptops,Lenovo,Lenovo Supplier,20.71,27.6,PRODUCT_SYSTEM
200567,Adidas Personal Care Model 568,Beauty,Personal Care,Adidas,Adidas Supplier,227.07,319.54,PRODUCT_SYSTEM
200568,Sony Monitors Model 569,Electronics,Monitors,Sony,Sony Supplier,1080.88,1927.4,PRODUCT_SYSTEM
200569,Lenovo Supplies Model 570,Office,Supplies,Lenovo,Lenovo Supplier,364.83,599.45,PRODUCT_SYSTEM
200570,Nike Monitors Model 571,Electronics,Monitors,Nike,Nike Supplier,178.97,212.38,PRODUCT_SYSTEM
200571,Generic Fitness Model 572,Sports,Fitness,Generic,Generic Supplier,618.31,815.88,PRODUCT_SYSTEM
200572,Logitech Furniture Model 573,Home,Furniture,Logitech,Logitech Supplier,328.39,590.72,PRODUCT_SYSTEM
200573,Logitech Furniture Model 574,Home,Furniture,Logitech,Logitech Supplier,655.6,1096.63,PRODUCT_SYSTEM
200574,Generic Laptops Model 575,Electronics,Laptops,Generic,Generic Supplier,766.04,1066.52,PRODUCT_SYSTEM
200575,Adidas Men Model 576,Clothing,Men,Adidas,Adidas Supplier,614.31,760.55,PRODUCT_SYSTEM
200576,Apple Monitors Model 577,Electronics,Monitors,Apple,Apple Supplier,1177.62,1440.71,PRODUCT_SYSTEM
200577,Adidas Laptops Model 578,Electronics,Laptops,Adidas,Adidas Supplier,412.31,497.63,PRODUCT_SYSTEM
200578,Lenovo Supplies Model 579,Office,Supplies,Lenovo,Lenovo Supplier,314.23,480.79,PRODUCT_SYSTEM
200579,Logitech Laptops Model 580,Electronics,Laptops,Logitech,Logitech Supplier,313.57,356.3,PRODUCT_SYSTEM
200580,HP Women Model 581,Clothing,Women,HP,HP Supplier,527.35,851.12,PRODUCT_SYSTEM
200581,Dell Supplies Model 582,Office,Supplies,Dell,Dell Supplier,702.8,1004.7,PRODUCT_SYSTEM
200582,Logitech Kitchen Model 583,Home,Kitchen,Logitech,Logitech Supplier,932.63,1528.93,PRODUCT_SYSTEM
200583,Sony Laptops Model 584,Electronics,Laptops,Sony,Sony Supplier,1186.2,1551.15,PRODUCT_SYSTEM
200584,Generic Kitchen Model 585,Home,Kitchen,Generic,Generic Supplier,879.74,1456.99,PRODUCT_SYSTEM
200585,Generic Laptops Model 586,Electronics,Laptops,Generic,Generic Supplier,449.58,595.3,PRODUCT_SYSTEM
200586,Generic Kitchen Model 587,Home,Kitchen,Generic,Generic Supplier,108.8,177.14,PRODUCT_SYSTEM
200587,Dell Furniture Model 588,Home,Furniture,Dell,Dell Supplier,1002.48,1668.47,PRODUCT_SYSTEM
200588,Sony Personal Care Model 589,Beauty,Personal Care,Sony,Sony Supplier,1115.25,1682.43,PRODUCT_SYSTEM
200589,Samsung Kitchen Model 590,Home,Kitchen,Samsung,Samsung Supplier,224.57,327.77,PRODUCT_SYSTEM
200590,Generic Accessories Model 591,Electronics,Accessories,Generic,Generic Supplier,764.57,1020.35,PRODUCT_SYSTEM
200591,Nike Women Model 592,Clothing,Women,Nike,Nike Supplier,1187.8,1552.62,PRODUCT_SYSTEM
200592,Generic Men Model 593,Clothing,Men,Generic,Generic Supplier,991.8,1375.86,PRODUCT_SYSTEM
200593,Apple Furniture Model 594,Home,Furniture,Apple,Apple Supplier,1023.33,1566.3,PRODUCT_SYSTEM
200594,HP Supplies Model 595,Office,Supplies,HP,HP Supplier,32.77,58.2,PRODUCT_SYSTEM
200595,Nike Kitchen Model 596,Home,Kitchen,Nike,Nike Supplier,640.09,1006.08,PRODUCT_SYSTEM
200596,Dell Kitchen Model 597,Home,Kitchen,Dell,Dell Supplier,1058.5,1310.49,PRODUCT_SYSTEM
200597,Samsung Women Model 598,Clothing,Women,Samsung,Samsung Supplier,609.96,1062.97,PRODUCT_SYSTEM
200598,HP Laptops Model 599,Electronics,Laptops,HP,HP Supplier,865.2,1293.12,PRODUCT_SYSTEM
200599,HP Accessories Model 600,Electronics,Accessories,HP,HP Supplier,127.24,149.29,PRODUCT_SYSTEM
200600,Generic Women Model 601,Clothing,Women,Generic,Generic Supplier,874.77,1135.14,PRODUCT_SYSTEM
200601,Logitech Accessories Model 602,Electronics,Accessories,Logitech,Logitech Supplier,1180.12,2092.52,PRODUCT_SYSTEM
200602,Lenovo Fitness Model 603,Sports,Fitness,Lenovo,Lenovo Supplier,446.18,771.24,PRODUCT_SYSTEM
200603,Lenovo Supplies Model 604,Office,Supplies,Lenovo,Lenovo Supplier,271.2,417.71,PRODUCT_SYSTEM
200604,Apple Furniture Model 605,Home,Furniture,Apple,Apple Supplier,62.79,98.96,PRODUCT_SYSTEM
200605,Logitech Furniture Model 606,Home,Furniture,Logitech,Logitech Supplier,387.1,656.92,PRODUCT_SYSTEM
200606,Dell Laptops Model 607,Electronics,Laptops,Dell,Dell Supplier,421.35,705.93,PRODUCT_SYSTEM
200607,Nike Laptops Model 608,Electronics,Laptops,Nike,Nike Supplier,801.23,1234.45,PRODUCT_SYSTEM
200608,Lenovo Supplies Model 609,Office,Supplies,Lenovo,Lenovo Supplier,682.5,1156.52,PRODUCT_SYSTEM
200609,Lenovo Kitchen Model 610,Home,Kitchen,Lenovo,Lenovo Supplier,1170.98,2033.29,PRODUCT_SYSTEM
200610,HP Furniture Model 611,Home,Furniture,HP,HP Supplier,744.74,1329.69,PRODUCT_SYSTEM
200611,Logitech Women Model 612,Clothing,Women,Logitech,Logitech Supplier,867.67,1461.0,PRODUCT_SYSTEM
200612,Samsung Fitness Model 613,Sports,Fitness,Samsung,Samsung Supplier,445.41,637.91,PRODUCT_SYSTEM
200613,Sony Men Model 614,Clothing,Men,Sony,Sony Supplier,841.63,1312.7,PRODUCT_SYSTEM
200614,Lenovo Monitors Model 615,Electronics,Monitors,Lenovo,Lenovo Supplier,1104.8,1496.75,PRODUCT_SYSTEM
200615,HP Fitness Model 616,Sports,Fitness,HP,HP Supplier,1082.87,1495.87,PRODUCT_SYSTEM
200616,Lenovo Laptops Model 617,Electronics,Laptops,Lenovo,Lenovo Supplier,259.09,354.43,PRODUCT_SYSTEM
200617,Adidas Supplies Model 618,Office,Supplies,Adidas,Adidas Supplier,473.48,669.18,PRODUCT_SYSTEM
200618,Apple Monitors Model 619,Electronics,Monitors,Apple,Apple Supplier,509.8,854.69,PRODUCT_SYSTEM
200619,Generic Men Model 620,Clothing,Men,Generic,Generic Supplier,471.22,592.72,PRODUCT_SYSTEM
200620,Sony Accessories Model 621,Electronics,Accessories,Sony,Sony Supplier,1070.4,1658.92,PRODUCT_SYSTEM
200621,Logitech Accessories Model 622,Electronics,Accessories,Logitech,Logitech Supplier,376.88,467.56,PRODUCT_SYSTEM
200622,Samsung Personal Care Model 623,Beauty,Personal Care,Samsung,Samsung Supplier,606.38,800.96,PRODUCT_SYSTEM
200623,Lenovo Supplies Model 624,Office,Supplies,Lenovo,Lenovo Supplier,226.83,333.16,PRODUCT_SYSTEM
200624,Generic Men Model 625,Clothing,Men,Generic,Generic Supplier,925.14,1305.17,PRODUCT_SYSTEM
200625,Dell Kitchen Model 626,Home,Kitchen,Dell,Dell Supplier,602.2,753.39,PRODUCT_SYSTEM
200626,Lenovo Furniture Model 627,Home,Furniture,Lenovo,Lenovo Supplier,888.63,1012.2,PRODUCT_SYSTEM
200627,Nike Laptops Model 628,Electronics,Laptops,Nike,Nike Supplier,1138.73,2004.36,PRODUCT_SYSTEM
200628,Lenovo Men Model 629,Clothing,Men,Lenovo,Lenovo Supplier,928.14,1050.27,PRODUCT_SYSTEM
200629,Sony Furniture Model 630,Home,Furniture,Sony,Sony Supplier,897.08,1197.02,PRODUCT_SYSTEM
200630,HP Furniture Model 631,Home,Furniture,HP,HP Supplier,1117.41,1885.88,PRODUCT_SYSTEM
200631,Lenovo Monitors Model 632,Electronics,Monitors,Lenovo,Lenovo Supplier,808.6,1346.42,PRODUCT_SYSTEM
200632,Sony Supplies Model 633,Office,Supplies,Sony,Sony Supplier,735.1,1264.79,PRODUCT_SYSTEM
200633,Lenovo Laptops Model 634,Electronics,Laptops,Lenovo,Lenovo Supplier,135.37,229.08,PRODUCT_SYSTEM
200634,Sony Fitness Model 635,Sports,Fitness,Sony,Sony Supplier,667.3,1132.53,PRODUCT_SYSTEM
200635,Apple Fitness Model 636,Sports,Fitness,Apple,Apple Supplier,1158.82,1816.97,PRODUCT_SYSTEM
200636,Nike Supplies Model 637,Office,Supplies,Nike,Nike Supplier,1082.51,1422.54,PRODUCT_SYSTEM
200637,Logitech Laptops Model 638,Electronics,Laptops,Logitech,Logitech Supplier,1023.08,1753.08,PRODUCT_SYSTEM
200638,Samsung Furniture Model 639,Home,Furniture,Samsung,Samsung Supplier,1058.28,1260.62,PRODUCT_SYSTEM
200639,Lenovo Fitness Model 640,Sports,Fitness,Lenovo,Lenovo Supplier,218.41,316.59,PRODUCT_SYSTEM
200640,Samsung Personal Care Model 641,Beauty,Personal Care,Samsung,Samsung Supplier,109.19,137.21,PRODUCT_SYSTEM
200641,HP Fitness Model 642,Sports,Fitness,HP,HP Supplier,1175.96,1638.28,PRODUCT_SYSTEM
200642,Generic Furniture Model 643,Home,Furniture,Generic,Generic Supplier,71.77,124.81,PRODUCT_SYSTEM
200643,Nike Laptops Model 644,Electronics,Laptops,Nike,Nike Supplier,1084.33,1570.65,PRODUCT_SYSTEM
200644,Samsung Men Model 645,Clothing,Men,Samsung,Samsung Supplier,1112.85,1743.16,PRODUCT_SYSTEM
200645,HP Fitness Model 646,Sports,Fitness,HP,HP Supplier,856.43,1189.15,PRODUCT_SYSTEM
200646,Nike Kitchen Model 647,Home,Kitchen,Nike,Nike Supplier,839.48,1165.09,PRODUCT_SYSTEM
200647,Dell Men Model 648,Clothing,Men,Dell,Dell Supplier,502.93,563.09,PRODUCT_SYSTEM
200648,Samsung Accessories Model 649,Electronics,Accessories,Samsung,Samsung Supplier,476.97,840.74,PRODUCT_SYSTEM
200649,Logitech Accessories Model 650,Electronics,Accessories,Logitech,Logitech Supplier,310.2,539.89,PRODUCT_SYSTEM
200650,HP Kitchen Model 651,Home,Kitchen,HP,HP Supplier,873.77,1067.75,PRODUCT_SYSTEM
200651,Generic Kitchen Model 652,Home,Kitchen,Generic,Generic Supplier,1182.06,1677.09,PRODUCT_SYSTEM
200652,Adidas Kitchen Model 653,Home,Kitchen,Adidas,Adidas Supplier,862.76,1060.08,PRODUCT_SYSTEM
200653,Sony Monitors Model 654,Electronics,Monitors,Sony,Sony Supplier,960.86,1484.94,PRODUCT_SYSTEM
200654,Generic Laptops Model 655,Electronics,Laptops,Generic,Generic Supplier,716.56,1249.84,PRODUCT_SYSTEM
200655,Adidas Men Model 656,Clothing,Men,Adidas,Adidas Supplier,968.98,1719.58,PRODUCT_SYSTEM
200656,Logitech Furniture Model 657,Home,Furniture,Logitech,Logitech Supplier,625.65,1021.53,PRODUCT_SYSTEM
200657,Apple Men Model 658,Clothing,Men,Apple,Apple Supplier,269.2,341.16,PRODUCT_SYSTEM
200658,HP Monitors Model 659,Electronics,Monitors,HP,HP Supplier,475.53,662.13,PRODUCT_SYSTEM
200659,Apple Men Model 660,Clothing,Men,Apple,Apple Supplier,411.52,690.24,PRODUCT_SYSTEM
200660,Adidas Laptops Model 661,Electronics,Laptops,Adidas,Adidas Supplier,938.39,1089.15,PRODUCT_SYSTEM
200661,Logitech Women Model 662,Clothing,Women,Logitech,Logitech Supplier,653.99,895.86,PRODUCT_SYSTEM
200662,Generic Fitness Model 663,Sports,Fitness,Generic,Generic Supplier,486.1,596.9,PRODUCT_SYSTEM
200663,Adidas Personal Care Model 664,Beauty,Personal Care,Adidas,Adidas Supplier,1140.53,1545.24,PRODUCT_SYSTEM
200664,Dell Personal Care Model 665,Beauty,Personal Care,Dell,Dell Supplier,80.9,136.7,PRODUCT_SYSTEM
200665,Adidas Laptops Model 666,Electronics,Laptops,Adidas,Adidas Supplier,998.49,1509.53,PRODUCT_SYSTEM
200666,Adidas Supplies Model 667,Office,Supplies,Adidas,Adidas Supplier,464.97,692.21,PRODUCT_SYSTEM
200667,Sony Laptops Model 668,Electronics,Laptops,Sony,Sony Supplier,70.72,92.47,PRODUCT_SYSTEM
200668,Dell Kitchen Model 669,Home,Kitchen,Dell,Dell Supplier,1118.45,1288.53,PRODUCT_SYSTEM
200669,Dell Fitness Model 670,Sports,Fitness,Dell,Dell Supplier,245.45,270.61,PRODUCT_SYSTEM
200670,HP Furniture Model 671,Home,Furniture,HP,HP Supplier,344.49,463.21,PRODUCT_SYSTEM
200671,Lenovo Personal Care Model 672,Beauty,Personal Care,Lenovo,Lenovo Supplier,110.34,183.86,PRODUCT_SYSTEM
200672,Sony Laptops Model 673,Electronics,Laptops,Sony,Sony Supplier,943.16,1556.68,PRODUCT_SYSTEM
200673,Adidas Women Model 674,Clothing,Women,Adidas,Adidas Supplier,1101.89,1454.65,PRODUCT_SYSTEM
200674,Sony Men Model 675,Clothing,Men,Sony,Sony Supplier,1194.6,1882.64,PRODUCT_SYSTEM
200675,Nike Women Model 676,Clothing,Women,Nike,Nike Supplier,435.46,694.95,PRODUCT_SYSTEM
200676,Apple Kitchen Model 677,Home,Kitchen,Apple,Apple Supplier,207.27,338.73,PRODUCT_SYSTEM
200677,Adidas Furniture Model 678,Home,Furniture,Adidas,Adidas Supplier,554.46,930.81,PRODUCT_SYSTEM
200678,Generic Women Model 679,Clothing,Women,Generic,Generic Supplier,720.05,863.77,PRODUCT_SYSTEM
200679,Logitech Personal Care Model 680,Beauty,Personal Care,Logitech,Logitech Supplier,409.3,530.82,PRODUCT_SYSTEM
200680,Sony Kitchen Model 681,Home,Kitchen,Sony,Sony Supplier,407.3,709.39,PRODUCT_SYSTEM
200681,Apple Personal Care Model 682,Beauty,Personal Care,Apple,Apple Supplier,413.6,667.64,PRODUCT_SYSTEM
200682,Apple Furniture Model 683,Home,Furniture,Apple,Apple Supplier,1154.03,1747.22,PRODUCT_SYSTEM
200683,HP Personal Care Model 684,Beauty,Personal Care,HP,HP Supplier,163.01,187.86,PRODUCT_SYSTEM
200684,HP Kitchen Model 685,Home,Kitchen,HP,HP Supplier,952.93,1345.2,PRODUCT_SYSTEM
200685,Samsung Women Model 686,Clothing,Women,Samsung,Samsung Supplier,996.85,1353.16,PRODUCT_SYSTEM
200686,Lenovo Fitness Model 687,Sports,Fitness,Lenovo,Lenovo Supplier,277.84,347.3,PRODUCT_SYSTEM
200687,Dell Supplies Model 688,Office,Supplies,Dell,Dell Supplier,170.24,296.49,PRODUCT_SYSTEM
200688,Logitech Fitness Model 689,Sports,Fitness,Logitech,Logitech Supplier,997.75,1528.66,PRODUCT_SYSTEM
200689,Logitech Fitness Model 690,Sports,Fitness,Logitech,Logitech Supplier,1055.54,1880.34,PRODUCT_SYSTEM
200690,Logitech Furniture Model 691,Home,Furniture,Logitech,Logitech Supplier,906.25,1122.9,PRODUCT_SYSTEM
200691,HP Women Model 692,Clothing,Women,HP,HP Supplier,478.21,736.68,PRODUCT_SYSTEM
200692,Generic Fitness Model 693,Sports,Fitness,Generic,Generic Supplier,918.07,1224.15,PRODUCT_SYSTEM
200693,Apple Laptops Model 694,Electronics,Laptops,Apple,Apple Supplier,953.03,1267.98,PRODUCT_SYSTEM
200694,Logitech Laptops Model 695,Electronics,Laptops,Logitech,Logitech Supplier,328.21,388.48,PRODUCT_SYSTEM
200695,Samsung Fitness Model 696,Sports,Fitness,Samsung,Samsung Supplier,733.25,909.83,PRODUCT_SYSTEM
200696,Lenovo Supplies Model 697,Office,Supplies,Lenovo,Lenovo Supplier,225.1,382.02,PRODUCT_SYSTEM
200697,Logitech Kitchen Model 698,Home,Kitchen,Logitech,Logitech Supplier,290.96,515.3,PRODUCT_SYSTEM
200698,Samsung Monitors Model 699,Electronics,Monitors,Samsung,Samsung Supplier,24.82,44.41,PRODUCT_SYSTEM
200699,Sony Men Model 700,Clothing,Men,Sony,Sony Supplier,742.25,1242.59,PRODUCT_SYSTEM
200700,Adidas Furniture Model 701,Home,Furniture,Adidas,Adidas Supplier,512.65,700.24,PRODUCT_SYSTEM
200701,Adidas Accessories Model 702,Electronics,Accessories,Adidas,Adidas Supplier,735.55,1203.77,PRODUCT_SYSTEM
200702,Nike Women Model 703,Clothing,Women,Nike,Nike Supplier,44.71,79.95,PRODUCT_SYSTEM
200703,Lenovo Supplies Model 704,Office,Supplies,Lenovo,Lenovo Supplier,375.04,593.06,PRODUCT_SYSTEM
200704,Dell Furniture Model 705,Home,Furniture,Dell,Dell Supplier,812.41,922.15,PRODUCT_SYSTEM
200705,Generic Fitness Model 706,Sports,Fitness,Generic,Generic Supplier,843.65,1210.08,PRODUCT_SYSTEM
200706,Generic Laptops Model 707,Electronics,Laptops,Generic,Generic Supplier,465.83,691.48,PRODUCT_SYSTEM
200707,Nike Fitness Model 708,Sports,Fitness,Nike,Nike Supplier,370.69,466.88,PRODUCT_SYSTEM
200708,Generic Supplies Model 709,Office,Supplies,Generic,Generic Supplier,923.34,1195.2,PRODUCT_SYSTEM
200709,Dell Men Model 710,Clothing,Men,Dell,Dell Supplier,490.76,771.0,PRODUCT_SYSTEM
200710,Lenovo Supplies Model 711,Office,Supplies,Lenovo,Lenovo Supplier,251.99,345.86,PRODUCT_SYSTEM
200711,Dell Fitness Model 712,Sports,Fitness,Dell,Dell Supplier,25.66,40.73,PRODUCT_SYSTEM
200712,Logitech Monitors Model 713,Electronics,Monitors,Logitech,Logitech Supplier,823.8,1029.04,PRODUCT_SYSTEM
200713,Logitech Accessories Model 714,Electronics,Accessories,Logitech,Logitech Supplier,30.73,52.96,PRODUCT_SYSTEM
200714,Samsung Men Model 715,Clothing,Men,Samsung,Samsung Supplier,515.59,669.33,PRODUCT_SYSTEM
200715,Apple Furniture Model 716,Home,Furniture,Apple,Apple Supplier,653.27,906.58,PRODUCT_SYSTEM
200716,Logitech Laptops Model 717,Electronics,Laptops,Logitech,Logitech Supplier,414.46,516.04,PRODUCT_SYSTEM
200717,Samsung Kitchen Model 718,Home,Kitchen,Samsung,Samsung Supplier,57.43,69.03,PRODUCT_SYSTEM
200718,HP Personal Care Model 719,Beauty,Personal Care,HP,HP Supplier,877.8,1423.86,PRODUCT_SYSTEM
200719,Samsung Kitchen Model 720,Home,Kitchen,Samsung,Samsung Supplier,353.77,622.95,PRODUCT_SYSTEM
200720,Dell Supplies Model 721,Office,Supplies,Dell,Dell Supplier,756.04,1180.52,PRODUCT_SYSTEM
200721,Adidas Women Model 722,Clothing,Women,Adidas,Adidas Supplier,882.87,1332.52,PRODUCT_SYSTEM
200722,Dell Monitors Model 723,Electronics,Monitors,Dell,Dell Supplier,1053.11,1740.55,PRODUCT_SYSTEM
200723,Nike Fitness Model 724,Sports,Fitness,Nike,Nike Supplier,662.74,974.01,PRODUCT_SYSTEM
200724,Logitech Furniture Model 725,Home,Furniture,Logitech,Logitech Supplier,1167.47,1891.68,PRODUCT_SYSTEM
200725,Lenovo Kitchen Model 726,Home,Kitchen,Lenovo,Lenovo Supplier,457.34,799.35,PRODUCT_SYSTEM
200726,Lenovo Men Model 727,Clothing,Men,Lenovo,Lenovo Supplier,1118.94,1543.53,PRODUCT_SYSTEM
200727,Generic Accessories Model 728,Electronics,Accessories,Generic,Generic Supplier,253.25,454.55,PRODUCT_SYSTEM
200728,Logitech Men Model 729,Clothing,Men,Logitech,Logitech Supplier,568.86,721.34,PRODUCT_SYSTEM
200729,Nike Women Model 730,Clothing,Women,Nike,Nike Supplier,955.04,1244.84,PRODUCT_SYSTEM
200730,Sony Fitness Model 731,Sports,Fitness,Sony,Sony Supplier,282.49,441.98,PRODUCT_SYSTEM
200731,Adidas Laptops Model 732,Electronics,Laptops,Adidas,Adidas Supplier,624.27,759.71,PRODUCT_SYSTEM
200732,Apple Men Model 733,Clothing,Men,Apple,Apple Supplier,342.56,592.56,PRODUCT_SYSTEM
200733,HP Supplies Model 734,Office,Supplies,HP,HP Supplier,308.19,459.39,PRODUCT_SYSTEM
200734,Adidas Supplies Model 735,Office,Supplies,Adidas,Adidas Supplier,649.51,932.41,PRODUCT_SYSTEM
200735,Samsung Kitchen Model 736,Home,Kitchen,Samsung,Samsung Supplier,121.48,183.07,PRODUCT_SYSTEM
200736,Adidas Furniture Model 737,Home,Furniture,Adidas,Adidas Supplier,58.53,96.18,PRODUCT_SYSTEM
200737,Generic Men Model 738,Clothing,Men,Generic,Generic Supplier,780.12,1002.29,PRODUCT_SYSTEM
200738,Generic Women Model 739,Clothing,Women,Generic,Generic Supplier,615.7,680.11,PRODUCT_SYSTEM
200739,Adidas Monitors Model 740,Electronics,Monitors,Adidas,Adidas Supplier,914.04,1277.74,PRODUCT_SYSTEM
200740,Adidas Laptops Model 741,Electronics,Laptops,Adidas,Adidas Supplier,39.24,62.82,PRODUCT_SYSTEM
200741,Logitech Supplies Model 742,Office,Supplies,Logitech,Logitech Supplier,1199.71,1512.28,PRODUCT_SYSTEM
200742,Adidas Personal Care Model 743,Beauty,Personal Care,Adidas,Adidas Supplier,1045.54,1711.05,PRODUCT_SYSTEM
200743,Lenovo Men Model 744,Clothing,Men,Lenovo,Lenovo Supplier,941.28,1665.88,PRODUCT_SYSTEM
200744,Samsung Kitchen Model 745,Home,Kitchen,Samsung,Samsung Supplier,577.5,873.75,PRODUCT_SYSTEM
200745,Generic Furniture Model 746,Home,Furniture,Generic,Generic Supplier,1176.51,1912.01,PRODUCT_SYSTEM
200746,Sony Supplies Model 747,Office,Supplies,Sony,Sony Supplier,885.24,1503.9,PRODUCT_SYSTEM
200747,Sony Personal Care Model 748,Beauty,Personal Care,Sony,Sony Supplier,760.15,1199.0,PRODUCT_SYSTEM
200748,Adidas Furniture Model 749,Home,Furniture,Adidas,Adidas Supplier,776.19,858.31,PRODUCT_SYSTEM
200749,Logitech Supplies Model 750,Office,Supplies,Logitech,Logitech Supplier,1116.15,1548.88,PRODUCT_SYSTEM
200750,Nike Kitchen Model 751,Home,Kitchen,Nike,Nike Supplier,949.17,1463.0,PRODUCT_SYSTEM
200751,Nike Fitness Model 752,Sports,Fitness,Nike,Nike Supplier,605.84,775.7,PRODUCT_SYSTEM
200752,Adidas Men Model 753,Clothing,Men,Adidas,Adidas Supplier,78.88,121.56,PRODUCT_SYSTEM
200753,Sony Kitchen Model 754,Home,Kitchen,Sony,Sony Supplier,420.89,501.61,PRODUCT_SYSTEM
200754,HP Accessories Model 755,Electronics,Accessories,HP,HP Supplier,620.03,1091.9,PRODUCT_SYSTEM
200755,Dell Personal Care Model 756,Beauty,Personal Care,Dell,Dell Supplier,347.97,384.39,PRODUCT_SYSTEM
200756,Sony Men Model 757,Clothing,Men,Sony,Sony Supplier,394.99,482.3,PRODUCT_SYSTEM
200757,Generic Women Model 758,Clothing,Women,Generic,Generic Supplier,246.92,405.52,PRODUCT_SYSTEM
200758,HP Laptops Model 759,Electronics,Laptops,HP,HP Supplier,627.9,901.89,PRODUCT_SYSTEM
200759,Lenovo Women Model 760,Clothing,Women,Lenovo,Lenovo Supplier,970.04,1562.32,PRODUCT_SYSTEM
200760,Dell Fitness Model 761,Sports,Fitness,Dell,Dell Supplier,661.99,857.75,PRODUCT_SYSTEM
200761,Lenovo Monitors Model 762,Electronics,Monitors,Lenovo,Lenovo Supplier,390.15,565.21,PRODUCT_SYSTEM
200762,Dell Kitchen Model 763,Home,Kitchen,Dell,Dell Supplier,795.98,1377.25,PRODUCT_SYSTEM
200763,Sony Men Model 764,Clothing,Men,Sony,Sony Supplier,1157.99,1898.84,PRODUCT_SYSTEM
200764,Apple Monitors Model 765,Electronics,Monitors,Apple,Apple Supplier,395.65,549.15,PRODUCT_SYSTEM
200765,Lenovo Accessories Model 766,Electronics,Accessories,Lenovo,Lenovo Supplier,1085.7,1835.61,PRODUCT_SYSTEM
200766,Logitech Fitness Model 767,Sports,Fitness,Logitech,Logitech Supplier,1118.61,1255.43,PRODUCT_SYSTEM
200767,Nike Supplies Model 768,Office,Supplies,Nike,Nike Supplier,653.69,908.75,PRODUCT_SYSTEM
200768,HP Furniture Model 769,Home,Furniture,HP,HP Supplier,579.26,792.71,PRODUCT_SYSTEM
200769,Nike Fitness Model 770,Sports,Fitness,Nike,Nike Supplier,1082.31,1513.68,PRODUCT_SYSTEM
200770,Logitech Laptops Model 771,Electronics,Laptops,Logitech,Logitech Supplier,1105.5,1885.74,PRODUCT_SYSTEM
200771,Samsung Monitors Model 772,Electronics,Monitors,Samsung,Samsung Supplier,336.35,502.24,PRODUCT_SYSTEM
200772,HP Monitors Model 773,Electronics,Monitors,HP,HP Supplier,1056.44,1518.89,PRODUCT_SYSTEM
200773,Adidas Personal Care Model 774,Beauty,Personal Care,Adidas,Adidas Supplier,1029.91,1348.04,PRODUCT_SYSTEM
200774,Dell Kitchen Model 775,Home,Kitchen,Dell,Dell Supplier,656.05,881.51,PRODUCT_SYSTEM
200775,Generic Personal Care Model 776,Beauty,Personal Care,Generic,Generic Supplier,496.24,616.53,PRODUCT_SYSTEM
200776,Nike Accessories Model 777,Electronics,Accessories,Nike,Nike Supplier,891.63,1568.56,PRODUCT_SYSTEM
200777,Generic Women Model 778,Clothing,Women,Generic,Generic Supplier,759.46,1107.09,PRODUCT_SYSTEM
200778,Nike Furniture Model 779,Home,Furniture,Nike,Nike Supplier,135.97,185.14,PRODUCT_SYSTEM
200779,Apple Fitness Model 780,Sports,Fitness,Apple,Apple Supplier,1169.6,1448.12,PRODUCT_SYSTEM
200780,Adidas Personal Care Model 781,Beauty,Personal Care,Adidas,Adidas Supplier,29.28,41.34,PRODUCT_SYSTEM
200781,Samsung Furniture Model 782,Home,Furniture,Samsung,Samsung Supplier,1109.15,1830.82,PRODUCT_SYSTEM
200782,Samsung Accessories Model 783,Electronics,Accessories,Samsung,Samsung Supplier,330.83,525.74,PRODUCT_SYSTEM
200783,HP Men Model 784,Clothing,Men,HP,HP Supplier,1152.27,1867.15,PRODUCT_SYSTEM
200784,Dell Monitors Model 785,Electronics,Monitors,Dell,Dell Supplier,514.09,689.27,PRODUCT_SYSTEM
200785,Generic Fitness Model 786,Sports,Fitness,Generic,Generic Supplier,1008.13,1706.22,PRODUCT_SYSTEM
200786,Dell Men Model 787,Clothing,Men,Dell,Dell Supplier,606.72,697.34,PRODUCT_SYSTEM
200787,Nike Kitchen Model 788,Home,Kitchen,Nike,Nike Supplier,532.66,897.03,PRODUCT_SYSTEM
200788,Logitech Fitness Model 789,Sports,Fitness,Logitech,Logitech Supplier,143.98,190.22,PRODUCT_SYSTEM
200789,Adidas Furniture Model 790,Home,Furniture,Adidas,Adidas Supplier,65.29,108.11,PRODUCT_SYSTEM
200790,Nike Accessories Model 791,Electronics,Accessories,Nike,Nike Supplier,616.18,847.93,PRODUCT_SYSTEM
200791,Dell Monitors Model 792,Electronics,Monitors,Dell,Dell Supplier,624.57,937.87,PRODUCT_SYSTEM
200792,Samsung Personal Care Model 793,Beauty,Personal Care,Samsung,Samsung Supplier,672.47,1062.77,PRODUCT_SYSTEM
200793,Sony Kitchen Model 794,Home,Kitchen,Sony,Sony Supplier,48.81,58.15,PRODUCT_SYSTEM
200794,Adidas Laptops Model 795,Electronics,Laptops,Adidas,Adidas Supplier,1064.86,1338.84,PRODUCT_SYSTEM
200795,Adidas Women Model 796,Clothing,Women,Adidas,Adidas Supplier,897.07,1278.5,PRODUCT_SYSTEM
200796,HP Furniture Model 797,Home,Furniture,HP,HP Supplier,776.45,887.13,PRODUCT_SYSTEM
200797,HP Women Model 798,Clothing,Women,HP,HP Supplier,931.08,1381.74,PRODUCT_SYSTEM
200798,Apple Accessories Model 799,Electronics,Accessories,Apple,Apple Supplier,362.96,592.69,PRODUCT_SYSTEM
200799,Generic Kitchen Model 800,Home,Kitchen,Generic,Generic Supplier,219.13,317.03,PRODUCT_SYSTEM
200800,HP Men Model 801,Clothing,Men,HP,HP Supplier,523.01,690.94,PRODUCT_SYSTEM
200801,Lenovo Women Model 802,Clothing,Women,Lenovo,Lenovo Supplier,493.75,721.81,PRODUCT_SYSTEM
200802,HP Kitchen Model 803,Home,Kitchen,HP,HP Supplier,1199.04,1497.33,PRODUCT_SYSTEM
200803,Samsung Personal Care Model 804,Beauty,Personal Care,Samsung,Samsung Supplier,808.57,1351.48,PRODUCT_SYSTEM
200804,Logitech Furniture Model 805,Home,Furniture,Logitech,Logitech Supplier,588.67,725.05,PRODUCT_SYSTEM
200805,Lenovo Accessories Model 806,Electronics,Accessories,Lenovo,Lenovo Supplier,792.25,1336.99,PRODUCT_SYSTEM
200806,Dell Women Model 807,Clothing,Women,Dell,Dell Supplier,722.85,946.54,PRODUCT_SYSTEM
200807,Adidas Kitchen Model 808,Home,Kitchen,Adidas,Adidas Supplier,686.82,784.42,PRODUCT_SYSTEM
200808,Apple Accessories Model 809,Electronics,Accessories,Apple,Apple Supplier,627.49,751.94,PRODUCT_SYSTEM
200809,Logitech Men Model 810,Clothing,Men,Logitech,Logitech Supplier,431.06,649.65,PRODUCT_SYSTEM
200810,Samsung Personal Care Model 811,Beauty,Personal Care,Samsung,Samsung Supplier,116.22,166.61,PRODUCT_SYSTEM
200811,Lenovo Women Model 812,Clothing,Women,Lenovo,Lenovo Supplier,981.46,1256.31,PRODUCT_SYSTEM
200812,Adidas Kitchen Model 813,Home,Kitchen,Adidas,Adidas Supplier,993.25,1206.03,PRODUCT_SYSTEM
200813,Dell Fitness Model 814,Sports,Fitness,Dell,Dell Supplier,967.77,1073.08,PRODUCT_SYSTEM
200814,Samsung Supplies Model 815,Office,Supplies,Samsung,Samsung Supplier,811.61,1182.82,PRODUCT_SYSTEM
200815,Apple Laptops Model 816,Electronics,Laptops,Apple,Apple Supplier,148.64,168.46,PRODUCT_SYSTEM
200816,Sony Accessories Model 817,Electronics,Accessories,Sony,Sony Supplier,514.9,837.74,PRODUCT_SYSTEM
200817,Dell Accessories Model 818,Electronics,Accessories,Dell,Dell Supplier,755.84,1247.11,PRODUCT_SYSTEM
200818,HP Accessories Model 819,Electronics,Accessories,HP,HP Supplier,489.57,625.03,PRODUCT_SYSTEM
200819,Nike Furniture Model 820,Home,Furniture,Nike,Nike Supplier,500.74,604.55,PRODUCT_SYSTEM
200820,Samsung Personal Care Model 821,Beauty,Personal Care,Samsung,Samsung Supplier,869.18,1514.56,PRODUCT_SYSTEM
200821,Lenovo Fitness Model 822,Sports,Fitness,Lenovo,Lenovo Supplier,1108.58,1421.51,PRODUCT_SYSTEM
200822,Lenovo Fitness Model 823,Sports,Fitness,Lenovo,Lenovo Supplier,940.15,1069.62,PRODUCT_SYSTEM
200823,Nike Furniture Model 824,Home,Furniture,Nike,Nike Supplier,1165.64,1641.1,PRODUCT_SYSTEM
200824,Apple Monitors Model 825,Electronics,Monitors,Apple,Apple Supplier,681.34,1185.84,PRODUCT_SYSTEM
200825,HP Supplies Model 826,Office,Supplies,HP,HP Supplier,582.88,1037.41,PRODUCT_SYSTEM
200826,Adidas Furniture Model 827,Home,Furniture,Adidas,Adidas Supplier,1057.07,1867.31,PRODUCT_SYSTEM
200827,HP Accessories Model 828,Electronics,Accessories,HP,HP Supplier,931.4,1319.96,PRODUCT_SYSTEM
200828,Logitech Kitchen Model 829,Home,Kitchen,Logitech,Logitech Supplier,553.42,986.62,PRODUCT_SYSTEM
200829,Dell Men Model 830,Clothing,Men,Dell,Dell Supplier,1011.94,1600.95,PRODUCT_SYSTEM
200830,HP Women Model 831,Clothing,Women,HP,HP Supplier,1025.19,1627.57,PRODUCT_SYSTEM
200831,Generic Fitness Model 832,Sports,Fitness,Generic,Generic Supplier,132.74,151.83,PRODUCT_SYSTEM
200832,Adidas Men Model 833,Clothing,Men,Adidas,Adidas Supplier,101.65,151.68,PRODUCT_SYSTEM
200833,Adidas Supplies Model 834,Office,Supplies,Adidas,Adidas Supplier,914.76,1236.39,PRODUCT_SYSTEM
200834,Dell Personal Care Model 835,Beauty,Personal Care,Dell,Dell Supplier,636.54,1102.58,PRODUCT_SYSTEM
200835,Logitech Accessories Model 836,Electronics,Accessories,Logitech,Logitech Supplier,724.42,1033.42,PRODUCT_SYSTEM
200836,Apple Kitchen Model 837,Home,Kitchen,Apple,Apple Supplier,606.63,863.87,PRODUCT_SYSTEM
200837,HP Personal Care Model 838,Beauty,Personal Care,HP,HP Supplier,574.8,770.97,PRODUCT_SYSTEM
200838,Samsung Fitness Model 839,Sports,Fitness,Samsung,Samsung Supplier,915.08,1012.72,PRODUCT_SYSTEM
200839,Apple Laptops Model 840,Electronics,Laptops,Apple,Apple Supplier,313.74,452.11,PRODUCT_SYSTEM
200840,Generic Monitors Model 841,Electronics,Monitors,Generic,Generic Supplier,907.21,1026.23,PRODUCT_SYSTEM
200841,Lenovo Supplies Model 842,Office,Supplies,Lenovo,Lenovo Supplier,621.51,1033.23,PRODUCT_SYSTEM
200842,Apple Laptops Model 843,Electronics,Laptops,Apple,Apple Supplier,236.46,333.63,PRODUCT_SYSTEM
200843,Adidas Laptops Model 844,Electronics,Laptops,Adidas,Adidas Supplier,1120.58,2012.46,PRODUCT_SYSTEM
200844,Sony Monitors Model 845,Electronics,Monitors,Sony,Sony Supplier,510.51,634.91,PRODUCT_SYSTEM
200845,Apple Monitors Model 846,Electronics,Monitors,Apple,Apple Supplier,174.37,296.84,PRODUCT_SYSTEM
200846,Samsung Kitchen Model 847,Home,Kitchen,Samsung,Samsung Supplier,264.6,438.52,PRODUCT_SYSTEM
200847,Logitech Women Model 848,Clothing,Women,Logitech,Logitech Supplier,538.12,836.35,PRODUCT_SYSTEM
200848,Logitech Accessories Model 849,Electronics,Accessories,Logitech,Logitech Supplier,137.24,234.31,PRODUCT_SYSTEM
200849,Nike Kitchen Model 850,Home,Kitchen,Nike,Nike Supplier,9.93,11.57,PRODUCT_SYSTEM
200850,Lenovo Accessories Model 851,Electronics,Accessories,Lenovo,Lenovo Supplier,824.06,1337.7,PRODUCT_SYSTEM
200851,Samsung Fitness Model 852,Sports,Fitness,Samsung,Samsung Supplier,1197.83,1425.62,PRODUCT_SYSTEM
200852,Generic Fitness Model 853,Sports,Fitness,Generic,Generic Supplier,199.03,251.51,PRODUCT_SYSTEM
200853,Apple Accessories Model 854,Electronics,Accessories,Apple,Apple Supplier,1182.56,2121.82,PRODUCT_SYSTEM
200854,Sony Furniture Model 855,Home,Furniture,Sony,Sony Supplier,174.05,203.85,PRODUCT_SYSTEM
200855,Nike Women Model 856,Clothing,Women,Nike,Nike Supplier,527.38,591.61,PRODUCT_SYSTEM
200856,Adidas Personal Care Model 857,Beauty,Personal Care,Adidas,Adidas Supplier,475.82,567.04,PRODUCT_SYSTEM
200857,Dell Women Model 858,Clothing,Women,Dell,Dell Supplier,101.87,113.33,PRODUCT_SYSTEM
200858,Generic Monitors Model 859,Electronics,Monitors,Generic,Generic Supplier,471.8,690.95,PRODUCT_SYSTEM
200859,Logitech Supplies Model 860,Office,Supplies,Logitech,Logitech Supplier,440.84,506.22,PRODUCT_SYSTEM
200860,Adidas Supplies Model 861,Office,Supplies,Adidas,Adidas Supplier,228.09,319.28,PRODUCT_SYSTEM
200861,Sony Men Model 862,Clothing,Men,Sony,Sony Supplier,538.71,938.95,PRODUCT_SYSTEM
200862,Samsung Women Model 863,Clothing,Women,Samsung,Samsung Supplier,359.93,568.65,PRODUCT_SYSTEM
200863,Generic Monitors Model 864,Electronics,Monitors,Generic,Generic Supplier,627.26,924.36,PRODUCT_SYSTEM
200864,Logitech Furniture Model 865,Home,Furniture,Logitech,Logitech Supplier,683.83,1129.47,PRODUCT_SYSTEM
200865,Logitech Accessories Model 866,Electronics,Accessories,Logitech,Logitech Supplier,915.3,1361.55,PRODUCT_SYSTEM
200866,Logitech Accessories Model 867,Electronics,Accessories,Logitech,Logitech Supplier,744.43,1185.52,PRODUCT_SYSTEM
200867,HP Men Model 868,Clothing,Men,HP,HP Supplier,370.89,609.58,PRODUCT_SYSTEM
200868,Nike Women Model 869,Clothing,Women,Nike,Nike Supplier,64.21,112.11,PRODUCT_SYSTEM
200869,Sony Kitchen Model 870,Home,Kitchen,Sony,Sony Supplier,37.13,64.92,PRODUCT_SYSTEM
200870,Nike Kitchen Model 871,Home,Kitchen,Nike,Nike Supplier,390.94,482.62,PRODUCT_SYSTEM
200871,Dell Kitchen Model 872,Home,Kitchen,Dell,Dell Supplier,1105.55,1541.92,PRODUCT_SYSTEM
200872,Apple Personal Care Model 873,Beauty,Personal Care,Apple,Apple Supplier,975.88,1096.84,PRODUCT_SYSTEM
200873,Sony Accessories Model 874,Electronics,Accessories,Sony,Sony Supplier,702.72,1239.85,PRODUCT_SYSTEM
200874,Dell Kitchen Model 875,Home,Kitchen,Dell,Dell Supplier,20.06,28.66,PRODUCT_SYSTEM
200875,Nike Monitors Model 876,Electronics,Monitors,Nike,Nike Supplier,982.9,1397.08,PRODUCT_SYSTEM
200876,Lenovo Personal Care Model 877,Beauty,Personal Care,Lenovo,Lenovo Supplier,597.41,806.14,PRODUCT_SYSTEM
200877,Lenovo Furniture Model 878,Home,Furniture,Lenovo,Lenovo Supplier,1098.69,1208.98,PRODUCT_SYSTEM
200878,Sony Supplies Model 879,Office,Supplies,Sony,Sony Supplier,413.49,630.42,PRODUCT_SYSTEM
200879,Nike Accessories Model 880,Electronics,Accessories,Nike,Nike Supplier,1034.54,1304.73,PRODUCT_SYSTEM
200880,Nike Furniture Model 881,Home,Furniture,Nike,Nike Supplier,253.13,438.4,PRODUCT_SYSTEM
200881,HP Personal Care Model 882,Beauty,Personal Care,HP,HP Supplier,245.34,295.16,PRODUCT_SYSTEM
200882,Sony Kitchen Model 883,Home,Kitchen,Sony,Sony Supplier,685.45,982.53,PRODUCT_SYSTEM
200883,Samsung Monitors Model 884,Electronics,Monitors,Samsung,Samsung Supplier,1101.32,1502.61,PRODUCT_SYSTEM
200884,HP Personal Care Model 885,Beauty,Personal Care,HP,HP Supplier,1123.16,1463.56,PRODUCT_SYSTEM
200885,Lenovo Furniture Model 886,Home,Furniture,Lenovo,Lenovo Supplier,718.97,1256.16,PRODUCT_SYSTEM
200886,Apple Laptops Model 887,Electronics,Laptops,Apple,Apple Supplier,697.85,1146.96,PRODUCT_SYSTEM
200887,Adidas Supplies Model 888,Office,Supplies,Adidas,Adidas Supplier,451.62,769.81,PRODUCT_SYSTEM
200888,Samsung Laptops Model 889,Electronics,Laptops,Samsung,Samsung Supplier,723.8,1257.85,PRODUCT_SYSTEM
200889,Generic Women Model 890,Clothing,Women,Generic,Generic Supplier,428.79,624.02,PRODUCT_SYSTEM
200890,Nike Personal Care Model 891,Beauty,Personal Care,Nike,Nike Supplier,31.37,44.07,PRODUCT_SYSTEM
200891,Apple Kitchen Model 892,Home,Kitchen,Apple,Apple Supplier,96.55,173.12,PRODUCT_SYSTEM
200892,Sony Men Model 893,Clothing,Men,Sony,Sony Supplier,667.56,917.5,PRODUCT_SYSTEM
200893,Adidas Men Model 894,Clothing,Men,Adidas,Adidas Supplier,973.37,1362.64,PRODUCT_SYSTEM
200894,Nike Furniture Model 895,Home,Furniture,Nike,Nike Supplier,459.39,545.96,PRODUCT_SYSTEM
200895,Dell Fitness Model 896,Sports,Fitness,Dell,Dell Supplier,12.51,20.07,PRODUCT_SYSTEM
200896,Generic Personal Care Model 897,Beauty,Personal Care,Generic,Generic Supplier,777.49,916.02,PRODUCT_SYSTEM
200897,Sony Laptops Model 898,Electronics,Laptops,Sony,Sony Supplier,802.32,1318.82,PRODUCT_SYSTEM
200898,Sony Personal Care Model 899,Beauty,Personal Care,Sony,Sony Supplier,1183.93,1573.82,PRODUCT_SYSTEM
200899,Dell Supplies Model 900,Office,Supplies,Dell,Dell Supplier,403.47,520.98,PRODUCT_SYSTEM
200900,Lenovo Laptops Model 901,Electronics,Laptops,Lenovo,Lenovo Supplier,914.81,1161.6,PRODUCT_SYSTEM
200901,Lenovo Supplies Model 902,Office,Supplies,Lenovo,Lenovo Supplier,762.07,1369.77,PRODUCT_SYSTEM
200902,Apple Men Model 903,Clothing,Men,Apple,Apple Supplier,1069.76,1233.22,PRODUCT_SYSTEM
200903,Apple Supplies Model 904,Office,Supplies,Apple,Apple Supplier,74.55,122.23,PRODUCT_SYSTEM
200904,Nike Monitors Model 905,Electronics,Monitors,Nike,Nike Supplier,968.32,1724.9,PRODUCT_SYSTEM
200905,HP Personal Care Model 906,Beauty,Personal Care,HP,HP Supplier,297.34,358.15,PRODUCT_SYSTEM
200906,Nike Monitors Model 907,Electronics,Monitors,Nike,Nike Supplier,582.1,944.33,PRODUCT_SYSTEM
200907,Adidas Laptops Model 908,Electronics,Laptops,Adidas,Adidas Supplier,740.16,1085.91,PRODUCT_SYSTEM
200908,Generic Men Model 909,Clothing,Men,Generic,Generic Supplier,532.49,830.55,PRODUCT_SYSTEM
200909,Dell Monitors Model 910,Electronics,Monitors,Dell,Dell Supplier,438.23,745.41,PRODUCT_SYSTEM
200910,Dell Supplies Model 911,Office,Supplies,Dell,Dell Supplier,508.17,635.31,PRODUCT_SYSTEM
200911,Generic Furniture Model 912,Home,Furniture,Generic,Generic Supplier,636.82,932.1,PRODUCT_SYSTEM
200912,Lenovo Furniture Model 913,Home,Furniture,Lenovo,Lenovo Supplier,1013.89,1707.92,PRODUCT_SYSTEM
200913,Apple Laptops Model 914,Electronics,Laptops,Apple,Apple Supplier,713.77,911.13,PRODUCT_SYSTEM
200914,Adidas Monitors Model 915,Electronics,Monitors,Adidas,Adidas Supplier,660.09,980.9,PRODUCT_SYSTEM
200915,Adidas Accessories Model 916,Electronics,Accessories,Adidas,Adidas Supplier,826.32,1319.86,PRODUCT_SYSTEM
200916,HP Men Model 917,Clothing,Men,HP,HP Supplier,590.0,688.64,PRODUCT_SYSTEM
200917,Adidas Women Model 918,Clothing,Women,Adidas,Adidas Supplier,554.5,682.58,PRODUCT_SYSTEM
200918,Apple Furniture Model 919,Home,Furniture,Apple,Apple Supplier,825.79,1105.47,PRODUCT_SYSTEM
200919,Nike Supplies Model 920,Office,Supplies,Nike,Nike Supplier,995.44,1378.48,PRODUCT_SYSTEM
200920,Lenovo Monitors Model 921,Electronics,Monitors,Lenovo,Lenovo Supplier,383.39,570.47,PRODUCT_SYSTEM
200921,Logitech Monitors Model 922,Electronics,Monitors,Logitech,Logitech Supplier,1003.63,1130.0,PRODUCT_SYSTEM
200922,Logitech Personal Care Model 923,Beauty,Personal Care,Logitech,Logitech Supplier,1118.55,1358.89,PRODUCT_SYSTEM
200923,Sony Fitness Model 924,Sports,Fitness,Sony,Sony Supplier,485.19,541.02,PRODUCT_SYSTEM
200924,Nike Fitness Model 925,Sports,Fitness,Nike,Nike Supplier,210.52,374.91,PRODUCT_SYSTEM
200925,Lenovo Furniture Model 926,Home,Furniture,Lenovo,Lenovo Supplier,937.39,1419.72,PRODUCT_SYSTEM
200926,Dell Kitchen Model 927,Home,Kitchen,Dell,Dell Supplier,869.66,974.26,PRODUCT_SYSTEM
200927,Samsung Women Model 928,Clothing,Women,Samsung,Samsung Supplier,718.07,891.03,PRODUCT_SYSTEM
200928,Apple Women Model 929,Clothing,Women,Apple,Apple Supplier,216.09,284.9,PRODUCT_SYSTEM
200929,Samsung Personal Care Model 930,Beauty,Personal Care,Samsung,Samsung Supplier,1000.8,1637.48,PRODUCT_SYSTEM
200930,Logitech Laptops Model 931,Electronics,Laptops,Logitech,Logitech Supplier,94.06,110.53,PRODUCT_SYSTEM
200931,Samsung Accessories Model 932,Electronics,Accessories,Samsung,Samsung Supplier,893.37,1179.96,PRODUCT_SYSTEM
200932,Dell Women Model 933,Clothing,Women,Dell,Dell Supplier,841.69,1186.08,PRODUCT_SYSTEM
200933,Generic Accessories Model 934,Electronics,Accessories,Generic,Generic Supplier,1148.69,1782.98,PRODUCT_SYSTEM
200934,Nike Supplies Model 935,Office,Supplies,Nike,Nike Supplier,639.84,893.83,PRODUCT_SYSTEM
200935,Adidas Fitness Model 936,Sports,Fitness,Adidas,Adidas Supplier,132.95,166.96,PRODUCT_SYSTEM
200936,Logitech Supplies Model 937,Office,Supplies,Logitech,Logitech Supplier,182.46,242.51,PRODUCT_SYSTEM
200937,Apple Fitness Model 938,Sports,Fitness,Apple,Apple Supplier,53.72,82.97,PRODUCT_SYSTEM
200938,Dell Women Model 939,Clothing,Women,Dell,Dell Supplier,1066.84,1858.95,PRODUCT_SYSTEM
200939,Apple Furniture Model 940,Home,Furniture,Apple,Apple Supplier,578.79,849.34,PRODUCT_SYSTEM
200940,Apple Women Model 941,Clothing,Women,Apple,Apple Supplier,1121.56,1293.74,PRODUCT_SYSTEM
200941,Samsung Accessories Model 942,Electronics,Accessories,Samsung,Samsung Supplier,109.33,140.46,PRODUCT_SYSTEM
200942,Lenovo Furniture Model 943,Home,Furniture,Lenovo,Lenovo Supplier,423.45,503.63,PRODUCT_SYSTEM
200943,Apple Monitors Model 944,Electronics,Monitors,Apple,Apple Supplier,97.53,137.52,PRODUCT_SYSTEM
200944,HP Kitchen Model 945,Home,Kitchen,HP,HP Supplier,218.28,372.06,PRODUCT_SYSTEM
200945,Apple Supplies Model 946,Office,Supplies,Apple,Apple Supplier,46.15,80.44,PRODUCT_SYSTEM
200946,Dell Monitors Model 947,Electronics,Monitors,Dell,Dell Supplier,731.28,1174.89,PRODUCT_SYSTEM
200947,HP Monitors Model 948,Electronics,Monitors,HP,HP Supplier,607.82,885.87,PRODUCT_SYSTEM
200948,Dell Supplies Model 949,Office,Supplies,Dell,Dell Supplier,104.56,165.79,PRODUCT_SYSTEM
200949,Apple Supplies Model 950,Office,Supplies,Apple,Apple Supplier,798.64,1047.77,PRODUCT_SYSTEM
200950,Samsung Accessories Model 951,Electronics,Accessories,Samsung,Samsung Supplier,871.85,1168.72,PRODUCT_SYSTEM
200951,Dell Monitors Model 952,Electronics,Monitors,Dell,Dell Supplier,1171.71,2031.47,PRODUCT_SYSTEM
200952,HP Men Model 953,Clothing,Men,HP,HP Supplier,76.66,112.3,PRODUCT_SYSTEM
200953,Nike Fitness Model 954,Sports,Fitness,Nike,Nike Supplier,963.49,1191.43,PRODUCT_SYSTEM
200954,Generic Laptops Model 955,Electronics,Laptops,Generic,Generic Supplier,584.6,871.29,PRODUCT_SYSTEM
200955,Generic Men Model 956,Clothing,Men,Generic,Generic Supplier,709.32,921.39,PRODUCT_SYSTEM
200956,Nike Furniture Model 957,Home,Furniture,Nike,Nike Supplier,1093.84,1947.61,PRODUCT_SYSTEM
200957,Dell Personal Care Model 958,Beauty,Personal Care,Dell,Dell Supplier,42.66,57.97,PRODUCT_SYSTEM
200958,Dell Kitchen Model 959,Home,Kitchen,Dell,Dell Supplier,310.71,494.96,PRODUCT_SYSTEM
200959,Dell Women Model 960,Clothing,Women,Dell,Dell Supplier,946.26,1251.56,PRODUCT_SYSTEM
200960,Dell Fitness Model 961,Sports,Fitness,Dell,Dell Supplier,55.35,74.42,PRODUCT_SYSTEM
200961,Sony Furniture Model 962,Home,Furniture,Sony,Sony Supplier,649.64,823.48,PRODUCT_SYSTEM
200962,Dell Personal Care Model 963,Beauty,Personal Care,Dell,Dell Supplier,980.77,1399.85,PRODUCT_SYSTEM
200963,Lenovo Furniture Model 964,Home,Furniture,Lenovo,Lenovo Supplier,895.33,1173.62,PRODUCT_SYSTEM
200964,Generic Men Model 965,Clothing,Men,Generic,Generic Supplier,1176.76,1906.71,PRODUCT_SYSTEM
200965,Samsung Supplies Model 966,Office,Supplies,Samsung,Samsung Supplier,919.21,1450.47,PRODUCT_SYSTEM
200966,Nike Kitchen Model 967,Home,Kitchen,Nike,Nike Supplier,408.43,679.45,PRODUCT_SYSTEM
200967,Dell Personal Care Model 968,Beauty,Personal Care,Dell,Dell Supplier,1073.0,1593.9,PRODUCT_SYSTEM
200968,Lenovo Supplies Model 969,Office,Supplies,Lenovo,Lenovo Supplier,233.78,362.99,PRODUCT_SYSTEM
200969,Apple Kitchen Model 970,Home,Kitchen,Apple,Apple Supplier,1182.74,2075.61,PRODUCT_SYSTEM
200970,Adidas Supplies Model 971,Office,Supplies,Adidas,Adidas Supplier,1127.91,1640.2,PRODUCT_SYSTEM
200971,Dell Monitors Model 972,Electronics,Monitors,Dell,Dell Supplier,656.68,883.34,PRODUCT_SYSTEM
200972,Dell Men Model 973,Clothing,Men,Dell,Dell Supplier,567.72,633.79,PRODUCT_SYSTEM
200973,HP Men Model 974,Clothing,Men,HP,HP Supplier,569.47,1023.85,PRODUCT_SYSTEM
200974,Samsung Fitness Model 975,Sports,Fitness,Samsung,Samsung Supplier,1183.78,1684.9,PRODUCT_SYSTEM
200975,Lenovo Laptops Model 976,Electronics,Laptops,Lenovo,Lenovo Supplier,128.58,144.47,PRODUCT_SYSTEM
200976,Apple Accessories Model 977,Electronics,Accessories,Apple,Apple Supplier,303.62,434.46,PRODUCT_SYSTEM
200977,Logitech Supplies Model 978,Office,Supplies,Logitech,Logitech Supplier,676.4,994.48,PRODUCT_SYSTEM
200978,Dell Women Model 979,Clothing,Women,Dell,Dell Supplier,389.65,654.88,PRODUCT_SYSTEM
200979,Adidas Men Model 980,Clothing,Men,Adidas,Adidas Supplier,30.28,48.59,PRODUCT_SYSTEM
200980,Lenovo Women Model 981,Clothing,Women,Lenovo,Lenovo Supplier,1068.5,1862.82,PRODUCT_SYSTEM
200981,Generic Fitness Model 982,Sports,Fitness,Generic,Generic Supplier,5.8,9.72,PRODUCT_SYSTEM
200982,Logitech Supplies Model 983,Office,Supplies,Logitech,Logitech Supplier,316.43,451.37,PRODUCT_SYSTEM
200983,Apple Supplies Model 984,Office,Supplies,Apple,Apple Supplier,897.02,1173.56,PRODUCT_SYSTEM
200984,Dell Women Model 985,Clothing,Women,Dell,Dell Supplier,313.93,548.91,PRODUCT_SYSTEM
200985,Generic Furniture Model 986,Home,Furniture,Generic,Generic Supplier,318.28,441.61,PRODUCT_SYSTEM
200986,Samsung Personal Care Model 987,Beauty,Personal Care,Samsung,Samsung Supplier,482.86,590.14,PRODUCT_SYSTEM
200987,Generic Furniture Model 988,Home,Furniture,Generic,Generic Supplier,1073.12,1252.38,PRODUCT_SYSTEM
200988,Dell Women Model 989,Clothing,Women,Dell,Dell Supplier,858.92,1082.04,PRODUCT_SYSTEM
200989,Logitech Furniture Model 990,Home,Furniture,Logitech,Logitech Supplier,338.76,538.77,PRODUCT_SYSTEM
200990,Sony Personal Care Model 991,Beauty,Personal Care,Sony,Sony Supplier,1139.41,1507.66,PRODUCT_SYSTEM
200991,Samsung Supplies Model 992,Office,Supplies,Samsung,Samsung Supplier,690.73,1168.02,PRODUCT_SYSTEM
200992,Samsung Personal Care Model 993,Beauty,Personal Care,Samsung,Samsung Supplier,557.27,796.72,PRODUCT_SYSTEM
200993,Dell Men Model 994,Clothing,Men,Dell,Dell Supplier,232.3,342.26,PRODUCT_SYSTEM
200994,Lenovo Personal Care Model 995,Beauty,Personal Care,Lenovo,Lenovo Supplier,145.27,242.12,PRODUCT_SYSTEM
200995,Apple Laptops Model 996,Electronics,Laptops,Apple,Apple Supplier,101.67,119.27,PRODUCT_SYSTEM
200996,Nike Furniture Model 997,Home,Furniture,Nike,Nike Supplier,604.36,693.35,PRODUCT_SYSTEM
200997,Nike Women Model 998,Clothing,Women,Nike,Nike Supplier,791.83,1306.34,PRODUCT_SYSTEM
200998,Generic Women Model 999,Clothing,Women,Generic,Generic Supplier,202.96,344.57,PRODUCT_SYSTEM
200999,Generic Laptops Model 1000,Electronics,Laptops,Generic,Generic Supplier,73.73,121.31,PRODUCT_SYSTEM
201000,Samsung Men Model 1001,Clothing,Men,Samsung,Samsung Supplier,983.91,1464.01,PRODUCT_SYSTEM
201001,Apple Laptops Model 1002,Electronics,Laptops,Apple,Apple Supplier,729.3,804.96,PRODUCT_SYSTEM
201002,Samsung Fitness Model 1003,Sports,Fitness,Samsung,Samsung Supplier,761.91,851.94,PRODUCT_SYSTEM
201003,Lenovo Kitchen Model 1004,Home,Kitchen,Lenovo,Lenovo Supplier,847.22,1327.3,PRODUCT_SYSTEM
201004,HP Laptops Model 1005,Electronics,Laptops,HP,HP Supplier,1061.02,1809.91,PRODUCT_SYSTEM
201005,Adidas Fitness Model 1006,Sports,Fitness,Adidas,Adidas Supplier,682.63,1198.26,PRODUCT_SYSTEM
201006,HP Accessories Model 1007,Electronics,Accessories,HP,HP Supplier,890.45,1437.09,PRODUCT_SYSTEM
201007,Adidas Women Model 1008,Clothing,Women,Adidas,Adidas Supplier,923.13,1401.27,PRODUCT_SYSTEM
201008,Nike Furniture Model 1009,Home,Furniture,Nike,Nike Supplier,767.66,985.93,PRODUCT_SYSTEM
201009,Apple Men Model 1010,Clothing,Men,Apple,Apple Supplier,319.39,377.05,PRODUCT_SYSTEM
201010,Samsung Laptops Model 1011,Electronics,Laptops,Samsung,Samsung Supplier,1199.69,2010.05,PRODUCT_SYSTEM
201011,Dell Fitness Model 1012,Sports,Fitness,Dell,Dell Supplier,597.5,1074.98,PRODUCT_SYSTEM
201012,Nike Furniture Model 1013,Home,Furniture,Nike,Nike Supplier,686.25,966.44,PRODUCT_SYSTEM
201013,Apple Furniture Model 1014,Home,Furniture,Apple,Apple Supplier,684.02,759.55,PRODUCT_SYSTEM
201014,Logitech Furniture Model 1015,Home,Furniture,Logitech,Logitech Supplier,913.36,1078.79,PRODUCT_SYSTEM
201015,Samsung Personal Care Model 1016,Beauty,Personal Care,Samsung,Samsung Supplier,399.0,675.73,PRODUCT_SYSTEM
201016,Lenovo Women Model 1017,Clothing,Women,Lenovo,Lenovo Supplier,342.25,381.16,PRODUCT_SYSTEM
201017,HP Women Model 1018,Clothing,Women,HP,HP Supplier,890.32,1177.23,PRODUCT_SYSTEM
201018,Logitech Accessories Model 1019,Electronics,Accessories,Logitech,Logitech Supplier,103.45,170.3,PRODUCT_SYSTEM
201019,Sony Kitchen Model 1020,Home,Kitchen,Sony,Sony Supplier,1007.39,1192.93,PRODUCT_SYSTEM
201020,Lenovo Supplies Model 1021,Office,Supplies,Lenovo,Lenovo Supplier,433.01,542.46,PRODUCT_SYSTEM
201021,Dell Men Model 1022,Clothing,Men,Dell,Dell Supplier,391.55,632.63,PRODUCT_SYSTEM
201022,Apple Laptops Model 1023,Electronics,Laptops,Apple,Apple Supplier,583.63,868.63,PRODUCT_SYSTEM
201023,Adidas Furniture Model 1024,Home,Furniture,Adidas,Adidas Supplier,183.01,270.22,PRODUCT_SYSTEM
201024,Dell Laptops Model 1025,Electronics,Laptops,Dell,Dell Supplier,175.98,211.37,PRODUCT_SYSTEM
201025,HP Monitors Model 1026,Electronics,Monitors,HP,HP Supplier,969.5,1340.98,PRODUCT_SYSTEM
201026,Apple Accessories Model 1027,Electronics,Accessories,Apple,Apple Supplier,583.1,1018.02,PRODUCT_SYSTEM
201027,Nike Fitness Model 1028,Sports,Fitness,Nike,Nike Supplier,689.22,1101.77,PRODUCT_SYSTEM
201028,HP Men Model 1029,Clothing,Men,HP,HP Supplier,816.76,957.88,PRODUCT_SYSTEM
201029,Lenovo Women Model 1030,Clothing,Women,Lenovo,Lenovo Supplier,1062.72,1753.14,PRODUCT_SYSTEM
201030,Samsung Men Model 1031,Clothing,Men,Samsung,Samsung Supplier,444.02,739.25,PRODUCT_SYSTEM
201031,Generic Fitness Model 1032,Sports,Fitness,Generic,Generic Supplier,562.16,785.15,PRODUCT_SYSTEM
201032,Nike Women Model 1033,Clothing,Women,Nike,Nike Supplier,964.24,1494.9,PRODUCT_SYSTEM
201033,Sony Personal Care Model 1034,Beauty,Personal Care,Sony,Sony Supplier,709.38,853.81,PRODUCT_SYSTEM
201034,Dell Furniture Model 1035,Home,Furniture,Dell,Dell Supplier,760.97,894.8,PRODUCT_SYSTEM
201035,Adidas Laptops Model 1036,Electronics,Laptops,Adidas,Adidas Supplier,98.72,142.69,PRODUCT_SYSTEM
201036,Dell Furniture Model 1037,Home,Furniture,Dell,Dell Supplier,1195.17,1590.75,PRODUCT_SYSTEM
201037,Dell Men Model 1038,Clothing,Men,Dell,Dell Supplier,1088.16,1241.75,PRODUCT_SYSTEM
201038,Lenovo Furniture Model 1039,Home,Furniture,Lenovo,Lenovo Supplier,513.22,604.22,PRODUCT_SYSTEM
201039,HP Fitness Model 1040,Sports,Fitness,HP,HP Supplier,610.98,889.02,PRODUCT_SYSTEM
201040,Adidas Women Model 1041,Clothing,Women,Adidas,Adidas Supplier,1064.15,1781.36,PRODUCT_SYSTEM
201041,Lenovo Men Model 1042,Clothing,Men,Lenovo,Lenovo Supplier,1173.3,1636.36,PRODUCT_SYSTEM
201042,Dell Men Model 1043,Clothing,Men,Dell,Dell Supplier,163.04,219.9,PRODUCT_SYSTEM
201043,Nike Laptops Model 1044,Electronics,Laptops,Nike,Nike Supplier,416.32,535.36,PRODUCT_SYSTEM
201044,Generic Furniture Model 1045,Home,Furniture,Generic,Generic Supplier,144.45,226.65,PRODUCT_SYSTEM
201045,Samsung Women Model 1046,Clothing,Women,Samsung,Samsung Supplier,1004.02,1731.5,PRODUCT_SYSTEM
201046,Apple Kitchen Model 1047,Home,Kitchen,Apple,Apple Supplier,942.02,1667.01,PRODUCT_SYSTEM
201047,Sony Kitchen Model 1048,Home,Kitchen,Sony,Sony Supplier,371.72,480.34,PRODUCT_SYSTEM
201048,Adidas Accessories Model 1049,Electronics,Accessories,Adidas,Adidas Supplier,628.71,994.28,PRODUCT_SYSTEM
201049,Generic Supplies Model 1050,Office,Supplies,Generic,Generic Supplier,715.26,829.3,PRODUCT_SYSTEM
201050,Nike Women Model 1051,Clothing,Women,Nike,Nike Supplier,545.79,787.01,PRODUCT_SYSTEM
201051,Lenovo Fitness Model 1052,Sports,Fitness,Lenovo,Lenovo Supplier,874.68,1113.38,PRODUCT_SYSTEM
201052,Generic Men Model 1053,Clothing,Men,Generic,Generic Supplier,6.19,7.65,PRODUCT_SYSTEM
201053,Dell Women Model 1054,Clothing,Women,Dell,Dell Supplier,649.07,1059.62,PRODUCT_SYSTEM
201054,Samsung Furniture Model 1055,Home,Furniture,Samsung,Samsung Supplier,77.89,111.18,PRODUCT_SYSTEM
201055,Adidas Furniture Model 1056,Home,Furniture,Adidas,Adidas Supplier,882.11,1212.88,PRODUCT_SYSTEM
201056,Logitech Kitchen Model 1057,Home,Kitchen,Logitech,Logitech Supplier,536.68,630.0,PRODUCT_SYSTEM
201057,Lenovo Accessories Model 1058,Electronics,Accessories,Lenovo,Lenovo Supplier,975.87,1473.15,PRODUCT_SYSTEM
201058,Generic Women Model 1059,Clothing,Women,Generic,Generic Supplier,553.54,661.74,PRODUCT_SYSTEM
201059,Generic Kitchen Model 1060,Home,Kitchen,Generic,Generic Supplier,1104.66,1530.22,PRODUCT_SYSTEM
201060,Logitech Personal Care Model 1061,Beauty,Personal Care,Logitech,Logitech Supplier,375.8,554.1,PRODUCT_SYSTEM
201061,Lenovo Men Model 1062,Clothing,Men,Lenovo,Lenovo Supplier,57.14,71.73,PRODUCT_SYSTEM
201062,Generic Laptops Model 1063,Electronics,Laptops,Generic,Generic Supplier,642.22,898.73,PRODUCT_SYSTEM
201063,HP Kitchen Model 1064,Home,Kitchen,HP,HP Supplier,240.79,419.63,PRODUCT_SYSTEM
201064,Nike Supplies Model 1065,Office,Supplies,Nike,Nike Supplier,131.93,232.37,PRODUCT_SYSTEM
201065,HP Fitness Model 1066,Sports,Fitness,HP,HP Supplier,165.67,282.7,PRODUCT_SYSTEM
201066,Apple Monitors Model 1067,Electronics,Monitors,Apple,Apple Supplier,485.93,622.93,PRODUCT_SYSTEM
201067,Lenovo Fitness Model 1068,Sports,Fitness,Lenovo,Lenovo Supplier,432.02,601.47,PRODUCT_SYSTEM
201068,Sony Women Model 1069,Clothing,Women,Sony,Sony Supplier,43.84,53.86,PRODUCT_SYSTEM
201069,Dell Personal Care Model 1070,Beauty,Personal Care,Dell,Dell Supplier,775.22,969.43,PRODUCT_SYSTEM
201070,Sony Men Model 1071,Clothing,Men,Sony,Sony Supplier,701.8,993.65,PRODUCT_SYSTEM
201071,Sony Fitness Model 1072,Sports,Fitness,Sony,Sony Supplier,438.93,635.13,PRODUCT_SYSTEM
201072,Samsung Monitors Model 1073,Electronics,Monitors,Samsung,Samsung Supplier,988.98,1574.39,PRODUCT_SYSTEM
201073,Generic Kitchen Model 1074,Home,Kitchen,Generic,Generic Supplier,664.97,1127.36,PRODUCT_SYSTEM
201074,Sony Fitness Model 1075,Sports,Fitness,Sony,Sony Supplier,94.35,127.02,PRODUCT_SYSTEM
201075,Dell Accessories Model 1076,Electronics,Accessories,Dell,Dell Supplier,815.75,1444.26,PRODUCT_SYSTEM
201076,Generic Monitors Model 1077,Electronics,Monitors,Generic,Generic Supplier,104.21,157.13,PRODUCT_SYSTEM
201077,Adidas Fitness Model 1078,Sports,Fitness,Adidas,Adidas Supplier,1101.44,1830.45,PRODUCT_SYSTEM
201078,Samsung Laptops Model 1079,Electronics,Laptops,Samsung,Samsung Supplier,946.06,1372.91,PRODUCT_SYSTEM
201079,Nike Personal Care Model 1080,Beauty,Personal Care,Nike,Nike Supplier,522.46,839.81,PRODUCT_SYSTEM
201080,Apple Accessories Model 1081,Electronics,Accessories,Apple,Apple Supplier,596.92,1054.91,PRODUCT_SYSTEM
201081,Logitech Monitors Model 1082,Electronics,Monitors,Logitech,Logitech Supplier,1136.32,1272.0,PRODUCT_SYSTEM
201082,Logitech Furniture Model 1083,Home,Furniture,Logitech,Logitech Supplier,491.12,718.78,PRODUCT_SYSTEM
201083,Sony Personal Care Model 1084,Beauty,Personal Care,Sony,Sony Supplier,983.88,1280.63,PRODUCT_SYSTEM
201084,Nike Accessories Model 1085,Electronics,Accessories,Nike,Nike Supplier,674.84,943.74,PRODUCT_SYSTEM
201085,Sony Men Model 1086,Clothing,Men,Sony,Sony Supplier,359.17,442.24,PRODUCT_SYSTEM
201086,HP Kitchen Model 1087,Home,Kitchen,HP,HP Supplier,544.6,961.51,PRODUCT_SYSTEM
201087,HP Personal Care Model 1088,Beauty,Personal Care,HP,HP Supplier,1142.92,1549.7,PRODUCT_SYSTEM
201088,Lenovo Personal Care Model 1089,Beauty,Personal Care,Lenovo,Lenovo Supplier,650.37,931.94,PRODUCT_SYSTEM
201089,Lenovo Men Model 1090,Clothing,Men,Lenovo,Lenovo Supplier,55.76,64.03,PRODUCT_SYSTEM
201090,Adidas Accessories Model 1091,Electronics,Accessories,Adidas,Adidas Supplier,115.86,167.99,PRODUCT_SYSTEM
201091,Dell Men Model 1092,Clothing,Men,Dell,Dell Supplier,465.33,702.71,PRODUCT_SYSTEM
201092,Sony Kitchen Model 1093,Home,Kitchen,Sony,Sony Supplier,375.42,582.78,PRODUCT_SYSTEM
201093,Logitech Women Model 1094,Clothing,Women,Logitech,Logitech Supplier,701.17,875.92,PRODUCT_SYSTEM
201094,Sony Accessories Model 1095,Electronics,Accessories,Sony,Sony Supplier,594.17,1029.16,PRODUCT_SYSTEM
201095,Samsung Kitchen Model 1096,Home,Kitchen,Samsung,Samsung Supplier,703.98,1098.61,PRODUCT_SYSTEM
201096,HP Supplies Model 1097,Office,Supplies,HP,HP Supplier,1127.8,1811.7,PRODUCT_SYSTEM
201097,Nike Kitchen Model 1098,Home,Kitchen,Nike,Nike Supplier,1140.19,1386.08,PRODUCT_SYSTEM
201098,Nike Laptops Model 1099,Electronics,Laptops,Nike,Nike Supplier,282.18,500.42,PRODUCT_SYSTEM
201099,Adidas Fitness Model 1100,Sports,Fitness,Adidas,Adidas Supplier,55.92,63.22,PRODUCT_SYSTEM
201100,Samsung Women Model 1101,Clothing,Women,Samsung,Samsung Supplier,327.6,416.6,PRODUCT_SYSTEM
201101,Nike Personal Care Model 1102,Beauty,Personal Care,Nike,Nike Supplier,768.08,1055.52,PRODUCT_SYSTEM
201102,HP Men Model 1103,Clothing,Men,HP,HP Supplier,241.65,424.86,PRODUCT_SYSTEM
201103,Generic Personal Care Model 1104,Beauty,Personal Care,Generic,Generic Supplier,646.0,971.76,PRODUCT_SYSTEM
201104,Nike Women Model 1105,Clothing,Women,Nike,Nike Supplier,843.0,1128.26,PRODUCT_SYSTEM
201105,Apple Personal Care Model 1106,Beauty,Personal Care,Apple,Apple Supplier,438.25,644.49,PRODUCT_SYSTEM
201106,Generic Monitors Model 1107,Electronics,Monitors,Generic,Generic Supplier,915.07,1491.77,PRODUCT_SYSTEM
201107,Adidas Kitchen Model 1108,Home,Kitchen,Adidas,Adidas Supplier,224.16,312.08,PRODUCT_SYSTEM
201108,Dell Kitchen Model 1109,Home,Kitchen,Dell,Dell Supplier,84.75,124.61,PRODUCT_SYSTEM
201109,Logitech Laptops Model 1110,Electronics,Laptops,Logitech,Logitech Supplier,871.85,1203.98,PRODUCT_SYSTEM
201110,Apple Laptops Model 1111,Electronics,Laptops,Apple,Apple Supplier,510.07,829.27,PRODUCT_SYSTEM
201111,Logitech Personal Care Model 1112,Beauty,Personal Care,Logitech,Logitech Supplier,650.16,835.92,PRODUCT_SYSTEM
201112,Adidas Furniture Model 1113,Home,Furniture,Adidas,Adidas Supplier,92.16,150.44,PRODUCT_SYSTEM
201113,Logitech Fitness Model 1114,Sports,Fitness,Logitech,Logitech Supplier,600.43,662.37,PRODUCT_SYSTEM
201114,Samsung Men Model 1115,Clothing,Men,Samsung,Samsung Supplier,89.24,121.41,PRODUCT_SYSTEM
201115,Samsung Women Model 1116,Clothing,Women,Samsung,Samsung Supplier,168.57,193.08,PRODUCT_SYSTEM
201116,Sony Furniture Model 1117,Home,Furniture,Sony,Sony Supplier,59.99,77.83,PRODUCT_SYSTEM
201117,Generic Kitchen Model 1118,Home,Kitchen,Generic,Generic Supplier,611.28,812.22,PRODUCT_SYSTEM
201118,Apple Personal Care Model 1119,Beauty,Personal Care,Apple,Apple Supplier,907.59,1300.78,PRODUCT_SYSTEM
201119,Sony Accessories Model 1120,Electronics,Accessories,Sony,Sony Supplier,78.17,139.81,PRODUCT_SYSTEM
201120,Nike Monitors Model 1121,Electronics,Monitors,Nike,Nike Supplier,442.49,494.35,PRODUCT_SYSTEM
201121,Logitech Personal Care Model 1122,Beauty,Personal Care,Logitech,Logitech Supplier,394.05,584.67,PRODUCT_SYSTEM
201122,Dell Kitchen Model 1123,Home,Kitchen,Dell,Dell Supplier,185.81,265.76,PRODUCT_SYSTEM
201123,Apple Men Model 1124,Clothing,Men,Apple,Apple Supplier,95.46,158.11,PRODUCT_SYSTEM
201124,Logitech Supplies Model 1125,Office,Supplies,Logitech,Logitech Supplier,236.31,405.24,PRODUCT_SYSTEM
201125,Generic Men Model 1126,Clothing,Men,Generic,Generic Supplier,1112.08,1738.53,PRODUCT_SYSTEM
201126,Generic Furniture Model 1127,Home,Furniture,Generic,Generic Supplier,206.27,244.85,PRODUCT_SYSTEM
201127,Logitech Accessories Model 1128,Electronics,Accessories,Logitech,Logitech Supplier,605.15,718.1,PRODUCT_SYSTEM
201128,Adidas Monitors Model 1129,Electronics,Monitors,Adidas,Adidas Supplier,1149.97,1488.73,PRODUCT_SYSTEM
201129,Apple Laptops Model 1130,Electronics,Laptops,Apple,Apple Supplier,940.4,1200.34,PRODUCT_SYSTEM
201130,Lenovo Accessories Model 1131,Electronics,Accessories,Lenovo,Lenovo Supplier,201.62,349.1,PRODUCT_SYSTEM
201131,Logitech Kitchen Model 1132,Home,Kitchen,Logitech,Logitech Supplier,204.78,257.32,PRODUCT_SYSTEM
201132,Lenovo Men Model 1133,Clothing,Men,Lenovo,Lenovo Supplier,54.56,87.77,PRODUCT_SYSTEM
201133,HP Furniture Model 1134,Home,Furniture,HP,HP Supplier,455.54,809.18,PRODUCT_SYSTEM
201134,Sony Personal Care Model 1135,Beauty,Personal Care,Sony,Sony Supplier,331.76,398.73,PRODUCT_SYSTEM
201135,Samsung Men Model 1136,Clothing,Men,Samsung,Samsung Supplier,1030.08,1246.47,PRODUCT_SYSTEM
201136,Sony Fitness Model 1137,Sports,Fitness,Sony,Sony Supplier,1119.0,1347.8,PRODUCT_SYSTEM
201137,Logitech Furniture Model 1138,Home,Furniture,Logitech,Logitech Supplier,267.05,433.33,PRODUCT_SYSTEM
201138,Lenovo Accessories Model 1139,Electronics,Accessories,Lenovo,Lenovo Supplier,57.58,99.04,PRODUCT_SYSTEM
201139,Samsung Furniture Model 1140,Home,Furniture,Samsung,Samsung Supplier,167.69,261.76,PRODUCT_SYSTEM
201140,Lenovo Supplies Model 1141,Office,Supplies,Lenovo,Lenovo Supplier,124.86,194.2,PRODUCT_SYSTEM
201141,Adidas Supplies Model 1142,Office,Supplies,Adidas,Adidas Supplier,260.87,411.46,PRODUCT_SYSTEM
201142,Nike Monitors Model 1143,Electronics,Monitors,Nike,Nike Supplier,266.66,409.65,PRODUCT_SYSTEM
201143,Dell Women Model 1144,Clothing,Women,Dell,Dell Supplier,878.35,1283.16,PRODUCT_SYSTEM
201144,Generic Monitors Model 1145,Electronics,Monitors,Generic,Generic Supplier,853.05,1498.03,PRODUCT_SYSTEM
201145,Samsung Kitchen Model 1146,Home,Kitchen,Samsung,Samsung Supplier,339.56,566.64,PRODUCT_SYSTEM
201146,Generic Accessories Model 1147,Electronics,Accessories,Generic,Generic Supplier,527.6,663.98,PRODUCT_SYSTEM
201147,Nike Personal Care Model 1148,Beauty,Personal Care,Nike,Nike Supplier,447.75,535.58,PRODUCT_SYSTEM
201148,Logitech Women Model 1149,Clothing,Women,Logitech,Logitech Supplier,183.0,298.76,PRODUCT_SYSTEM
201149,Generic Furniture Model 1150,Home,Furniture,Generic,Generic Supplier,590.64,757.92,PRODUCT_SYSTEM
201150,Apple Women Model 1151,Clothing,Women,Apple,Apple Supplier,982.09,1644.92,PRODUCT_SYSTEM
201151,Samsung Personal Care Model 1152,Beauty,Personal Care,Samsung,Samsung Supplier,735.15,1018.37,PRODUCT_SYSTEM
201152,Adidas Men Model 1153,Clothing,Men,Adidas,Adidas Supplier,444.46,514.73,PRODUCT_SYSTEM
201153,HP Supplies Model 1154,Office,Supplies,HP,HP Supplier,327.21,528.34,PRODUCT_SYSTEM
201154,Sony Kitchen Model 1155,Home,Kitchen,Sony,Sony Supplier,331.68,435.87,PRODUCT_SYSTEM
201155,Nike Personal Care Model 1156,Beauty,Personal Care,Nike,Nike Supplier,1106.09,1595.51,PRODUCT_SYSTEM
201156,Adidas Fitness Model 1157,Sports,Fitness,Adidas,Adidas Supplier,229.85,380.29,PRODUCT_SYSTEM
201157,Sony Furniture Model 1158,Home,Furniture,Sony,Sony Supplier,641.92,797.24,PRODUCT_SYSTEM
201158,HP Supplies Model 1159,Office,Supplies,HP,HP Supplier,1186.91,1677.31,PRODUCT_SYSTEM
201159,Nike Furniture Model 1160,Home,Furniture,Nike,Nike Supplier,651.94,759.29,PRODUCT_SYSTEM
201160,Logitech Personal Care Model 1161,Beauty,Personal Care,Logitech,Logitech Supplier,1174.09,1354.24,PRODUCT_SYSTEM
201161,HP Fitness Model 1162,Sports,Fitness,HP,HP Supplier,262.62,315.55,PRODUCT_SYSTEM
201162,Sony Fitness Model 1163,Sports,Fitness,Sony,Sony Supplier,418.88,572.55,PRODUCT_SYSTEM
201163,Lenovo Personal Care Model 1164,Beauty,Personal Care,Lenovo,Lenovo Supplier,536.55,722.41,PRODUCT_SYSTEM
201164,Apple Men Model 1165,Clothing,Men,Apple,Apple Supplier,428.43,503.38,PRODUCT_SYSTEM
201165,Dell Men Model 1166,Clothing,Men,Dell,Dell Supplier,437.22,678.54,PRODUCT_SYSTEM
201166,Logitech Women Model 1167,Clothing,Women,Logitech,Logitech Supplier,1090.38,1801.84,PRODUCT_SYSTEM
201167,Logitech Furniture Model 1168,Home,Furniture,Logitech,Logitech Supplier,442.44,538.37,PRODUCT_SYSTEM
201168,HP Supplies Model 1169,Office,Supplies,HP,HP Supplier,25.45,31.66,PRODUCT_SYSTEM
201169,Sony Women Model 1170,Clothing,Women,Sony,Sony Supplier,140.33,230.46,PRODUCT_SYSTEM
201170,Sony Furniture Model 1171,Home,Furniture,Sony,Sony Supplier,104.38,180.24,PRODUCT_SYSTEM
201171,Logitech Men Model 1172,Clothing,Men,Logitech,Logitech Supplier,987.03,1181.68,PRODUCT_SYSTEM
201172,Samsung Accessories Model 1173,Electronics,Accessories,Samsung,Samsung Supplier,43.33,77.27,PRODUCT_SYSTEM
201173,Logitech Men Model 1174,Clothing,Men,Logitech,Logitech Supplier,1156.73,1709.7,PRODUCT_SYSTEM
201174,Samsung Accessories Model 1175,Electronics,Accessories,Samsung,Samsung Supplier,758.73,1246.03,PRODUCT_SYSTEM
201175,Lenovo Laptops Model 1176,Electronics,Laptops,Lenovo,Lenovo Supplier,649.04,999.93,PRODUCT_SYSTEM
201176,Lenovo Women Model 1177,Clothing,Women,Lenovo,Lenovo Supplier,508.33,559.42,PRODUCT_SYSTEM
201177,Apple Men Model 1178,Clothing,Men,Apple,Apple Supplier,751.45,1337.7,PRODUCT_SYSTEM
201178,Adidas Kitchen Model 1179,Home,Kitchen,Adidas,Adidas Supplier,1154.22,1598.92,PRODUCT_SYSTEM
201179,Generic Furniture Model 1180,Home,Furniture,Generic,Generic Supplier,900.15,1311.28,PRODUCT_SYSTEM
201180,HP Men Model 1181,Clothing,Men,HP,HP Supplier,1145.17,1709.16,PRODUCT_SYSTEM
201181,Generic Monitors Model 1182,Electronics,Monitors,Generic,Generic Supplier,207.02,310.22,PRODUCT_SYSTEM
201182,Generic Supplies Model 1183,Office,Supplies,Generic,Generic Supplier,938.71,1085.73,PRODUCT_SYSTEM
201183,Samsung Laptops Model 1184,Electronics,Laptops,Samsung,Samsung Supplier,743.89,1091.91,PRODUCT_SYSTEM
201184,Logitech Personal Care Model 1185,Beauty,Personal Care,Logitech,Logitech Supplier,633.6,781.25,PRODUCT_SYSTEM
201185,Generic Laptops Model 1186,Electronics,Laptops,Generic,Generic Supplier,297.56,521.79,PRODUCT_SYSTEM
201186,Logitech Supplies Model 1187,Office,Supplies,Logitech,Logitech Supplier,158.56,254.22,PRODUCT_SYSTEM
201187,Sony Personal Care Model 1188,Beauty,Personal Care,Sony,Sony Supplier,1018.54,1651.07,PRODUCT_SYSTEM
201188,Samsung Furniture Model 1189,Home,Furniture,Samsung,Samsung Supplier,70.94,124.01,PRODUCT_SYSTEM
201189,Apple Furniture Model 1190,Home,Furniture,Apple,Apple Supplier,1017.78,1715.8,PRODUCT_SYSTEM
201190,Logitech Furniture Model 1191,Home,Furniture,Logitech,Logitech Supplier,210.14,319.49,PRODUCT_SYSTEM
201191,Generic Fitness Model 1192,Sports,Fitness,Generic,Generic Supplier,89.58,104.67,PRODUCT_SYSTEM
201192,Lenovo Women Model 1193,Clothing,Women,Lenovo,Lenovo Supplier,459.29,789.44,PRODUCT_SYSTEM
201193,Dell Monitors Model 1194,Electronics,Monitors,Dell,Dell Supplier,410.05,736.55,PRODUCT_SYSTEM
201194,Sony Fitness Model 1195,Sports,Fitness,Sony,Sony Supplier,995.53,1635.31,PRODUCT_SYSTEM
201195,Lenovo Kitchen Model 1196,Home,Kitchen,Lenovo,Lenovo Supplier,957.4,1458.64,PRODUCT_SYSTEM
201196,Logitech Accessories Model 1197,Electronics,Accessories,Logitech,Logitech Supplier,748.09,1229.77,PRODUCT_SYSTEM
201197,Nike Personal Care Model 1198,Beauty,Personal Care,Nike,Nike Supplier,675.94,948.19,PRODUCT_SYSTEM
201198,Apple Laptops Model 1199,Electronics,Laptops,Apple,Apple Supplier,634.82,699.88,PRODUCT_SYSTEM
201199,Apple Men Model 1200,Clothing,Men,Apple,Apple Supplier,242.94,294.49,PRODUCT_SYSTEM
201200,Apple Laptops Model 1201,Electronics,Laptops,Apple,Apple Supplier,993.46,1443.27,PRODUCT_SYSTEM
201201,Sony Women Model 1202,Clothing,Women,Sony,Sony Supplier,1031.3,1610.96,PRODUCT_SYSTEM
201202,Dell Personal Care Model 1203,Beauty,Personal Care,Dell,Dell Supplier,245.45,439.32,PRODUCT_SYSTEM
201203,Nike Personal Care Model 1204,Beauty,Personal Care,Nike,Nike Supplier,297.98,511.55,PRODUCT_SYSTEM
201204,HP Laptops Model 1205,Electronics,Laptops,HP,HP Supplier,259.14,378.97,PRODUCT_SYSTEM
201205,Logitech Personal Care Model 1206,Beauty,Personal Care,Logitech,Logitech Supplier,125.51,152.2,PRODUCT_SYSTEM
201206,Sony Laptops Model 1207,Electronics,Laptops,Sony,Sony Supplier,1048.7,1693.8,PRODUCT_SYSTEM
201207,Adidas Accessories Model 1208,Electronics,Accessories,Adidas,Adidas Supplier,1053.27,1762.08,PRODUCT_SYSTEM
201208,Lenovo Furniture Model 1209,Home,Furniture,Lenovo,Lenovo Supplier,153.84,172.81,PRODUCT_SYSTEM
201209,Apple Monitors Model 1210,Electronics,Monitors,Apple,Apple Supplier,798.25,1225.35,PRODUCT_SYSTEM
201210,Samsung Men Model 1211,Clothing,Men,Samsung,Samsung Supplier,896.59,1513.98,PRODUCT_SYSTEM
201211,Logitech Personal Care Model 1212,Beauty,Personal Care,Logitech,Logitech Supplier,856.34,1044.73,PRODUCT_SYSTEM
201212,Dell Accessories Model 1213,Electronics,Accessories,Dell,Dell Supplier,51.86,92.14,PRODUCT_SYSTEM
201213,Apple Monitors Model 1214,Electronics,Monitors,Apple,Apple Supplier,1098.16,1955.62,PRODUCT_SYSTEM
201214,Nike Personal Care Model 1215,Beauty,Personal Care,Nike,Nike Supplier,970.38,1272.88,PRODUCT_SYSTEM
201215,Apple Men Model 1216,Clothing,Men,Apple,Apple Supplier,341.4,536.64,PRODUCT_SYSTEM
201216,Apple Accessories Model 1217,Electronics,Accessories,Apple,Apple Supplier,700.03,1099.92,PRODUCT_SYSTEM
201217,Lenovo Men Model 1218,Clothing,Men,Lenovo,Lenovo Supplier,1013.41,1417.47,PRODUCT_SYSTEM
201218,Dell Furniture Model 1219,Home,Furniture,Dell,Dell Supplier,1166.19,1323.98,PRODUCT_SYSTEM
201219,HP Kitchen Model 1220,Home,Kitchen,HP,HP Supplier,245.36,372.4,PRODUCT_SYSTEM
201220,Samsung Kitchen Model 1221,Home,Kitchen,Samsung,Samsung Supplier,165.68,207.15,PRODUCT_SYSTEM
201221,Logitech Supplies Model 1222,Office,Supplies,Logitech,Logitech Supplier,201.5,232.86,PRODUCT_SYSTEM
201222,Samsung Men Model 1223,Clothing,Men,Samsung,Samsung Supplier,774.2,1039.18,PRODUCT_SYSTEM
201223,Lenovo Men Model 1224,Clothing,Men,Lenovo,Lenovo Supplier,974.37,1205.52,PRODUCT_SYSTEM
201224,Nike Accessories Model 1225,Electronics,Accessories,Nike,Nike Supplier,1092.62,1486.73,PRODUCT_SYSTEM
201225,Sony Personal Care Model 1226,Beauty,Personal Care,Sony,Sony Supplier,1089.25,1821.79,PRODUCT_SYSTEM
201226,Adidas Kitchen Model 1227,Home,Kitchen,Adidas,Adidas Supplier,270.46,391.33,PRODUCT_SYSTEM
201227,Generic Kitchen Model 1228,Home,Kitchen,Generic,Generic Supplier,1052.98,1316.12,PRODUCT_SYSTEM
201228,Apple Fitness Model 1229,Sports,Fitness,Apple,Apple Supplier,959.28,1104.57,PRODUCT_SYSTEM
201229,Lenovo Monitors Model 1230,Electronics,Monitors,Lenovo,Lenovo Supplier,859.23,1230.5,PRODUCT_SYSTEM
201230,Logitech Fitness Model 1231,Sports,Fitness,Logitech,Logitech Supplier,884.43,1546.47,PRODUCT_SYSTEM
201231,Nike Furniture Model 1232,Home,Furniture,Nike,Nike Supplier,199.35,336.6,PRODUCT_SYSTEM
201232,Nike Supplies Model 1233,Office,Supplies,Nike,Nike Supplier,449.76,577.02,PRODUCT_SYSTEM
201233,Lenovo Furniture Model 1234,Home,Furniture,Lenovo,Lenovo Supplier,254.21,300.8,PRODUCT_SYSTEM
201234,Dell Laptops Model 1235,Electronics,Laptops,Dell,Dell Supplier,987.74,1631.15,PRODUCT_SYSTEM
201235,Adidas Personal Care Model 1236,Beauty,Personal Care,Adidas,Adidas Supplier,656.56,724.93,PRODUCT_SYSTEM
201236,HP Personal Care Model 1237,Beauty,Personal Care,HP,HP Supplier,989.27,1472.66,PRODUCT_SYSTEM
201237,Samsung Accessories Model 1238,Electronics,Accessories,Samsung,Samsung Supplier,1187.17,1479.3,PRODUCT_SYSTEM
201238,HP Furniture Model 1239,Home,Furniture,HP,HP Supplier,638.08,762.76,PRODUCT_SYSTEM
201239,Samsung Kitchen Model 1240,Home,Kitchen,Samsung,Samsung Supplier,789.6,994.41,PRODUCT_SYSTEM
201240,Samsung Kitchen Model 1241,Home,Kitchen,Samsung,Samsung Supplier,177.28,232.5,PRODUCT_SYSTEM
201241,Dell Laptops Model 1242,Electronics,Laptops,Dell,Dell Supplier,313.96,405.72,PRODUCT_SYSTEM
201242,Logitech Accessories Model 1243,Electronics,Accessories,Logitech,Logitech Supplier,1073.41,1453.71,PRODUCT_SYSTEM
201243,HP Fitness Model 1244,Sports,Fitness,HP,HP Supplier,907.14,1284.87,PRODUCT_SYSTEM
201244,Lenovo Laptops Model 1245,Electronics,Laptops,Lenovo,Lenovo Supplier,134.1,207.39,PRODUCT_SYSTEM
201245,Dell Supplies Model 1246,Office,Supplies,Dell,Dell Supplier,585.73,741.93,PRODUCT_SYSTEM
201246,Dell Accessories Model 1247,Electronics,Accessories,Dell,Dell Supplier,38.5,50.74,PRODUCT_SYSTEM
201247,Adidas Personal Care Model 1248,Beauty,Personal Care,Adidas,Adidas Supplier,1000.07,1752.48,PRODUCT_SYSTEM
201248,Generic Furniture Model 1249,Home,Furniture,Generic,Generic Supplier,36.89,58.79,PRODUCT_SYSTEM
201249,Generic Fitness Model 1250,Sports,Fitness,Generic,Generic Supplier,497.24,682.64,PRODUCT_SYSTEM
201250,Apple Women Model 1251,Clothing,Women,Apple,Apple Supplier,919.94,1108.53,PRODUCT_SYSTEM
201251,Adidas Fitness Model 1252,Sports,Fitness,Adidas,Adidas Supplier,573.18,928.56,PRODUCT_SYSTEM
201252,Dell Supplies Model 1253,Office,Supplies,Dell,Dell Supplier,757.63,887.88,PRODUCT_SYSTEM
201253,Lenovo Fitness Model 1254,Sports,Fitness,Lenovo,Lenovo Supplier,141.87,183.9,PRODUCT_SYSTEM
201254,Adidas Fitness Model 1255,Sports,Fitness,Adidas,Adidas Supplier,394.56,624.8,PRODUCT_SYSTEM
201255,Lenovo Men Model 1256,Clothing,Men,Lenovo,Lenovo Supplier,513.79,847.43,PRODUCT_SYSTEM
201256,Samsung Personal Care Model 1257,Beauty,Personal Care,Samsung,Samsung Supplier,1103.9,1498.35,PRODUCT_SYSTEM
201257,Samsung Laptops Model 1258,Electronics,Laptops,Samsung,Samsung Supplier,662.41,802.87,PRODUCT_SYSTEM
201258,Sony Men Model 1259,Clothing,Men,Sony,Sony Supplier,495.65,883.57,PRODUCT_SYSTEM
201259,Adidas Kitchen Model 1260,Home,Kitchen,Adidas,Adidas Supplier,224.02,358.38,PRODUCT_SYSTEM
201260,Nike Supplies Model 1261,Office,Supplies,Nike,Nike Supplier,457.96,598.15,PRODUCT_SYSTEM
201261,Adidas Men Model 1262,Clothing,Men,Adidas,Adidas Supplier,1196.84,1350.74,PRODUCT_SYSTEM
201262,Logitech Monitors Model 1263,Electronics,Monitors,Logitech,Logitech Supplier,590.99,809.93,PRODUCT_SYSTEM
201263,HP Furniture Model 1264,Home,Furniture,HP,HP Supplier,1111.37,1894.21,PRODUCT_SYSTEM
201264,Dell Women Model 1265,Clothing,Women,Dell,Dell Supplier,285.27,339.57,PRODUCT_SYSTEM
201265,Samsung Kitchen Model 1266,Home,Kitchen,Samsung,Samsung Supplier,1053.25,1192.67,PRODUCT_SYSTEM
201266,Lenovo Kitchen Model 1267,Home,Kitchen,Lenovo,Lenovo Supplier,898.57,1131.4,PRODUCT_SYSTEM
201267,Samsung Supplies Model 1268,Office,Supplies,Samsung,Samsung Supplier,84.47,122.04,PRODUCT_SYSTEM
201268,HP Laptops Model 1269,Electronics,Laptops,HP,HP Supplier,972.73,1632.11,PRODUCT_SYSTEM
201269,Lenovo Accessories Model 1270,Electronics,Accessories,Lenovo,Lenovo Supplier,955.34,1354.85,PRODUCT_SYSTEM
201270,Logitech Women Model 1271,Clothing,Women,Logitech,Logitech Supplier,1065.34,1773.74,PRODUCT_SYSTEM
201271,Samsung Laptops Model 1272,Electronics,Laptops,Samsung,Samsung Supplier,867.15,983.58,PRODUCT_SYSTEM
201272,Sony Laptops Model 1273,Electronics,Laptops,Sony,Sony Supplier,233.09,264.35,PRODUCT_SYSTEM
201273,Nike Men Model 1274,Clothing,Men,Nike,Nike Supplier,679.64,756.04,PRODUCT_SYSTEM
201274,Dell Laptops Model 1275,Electronics,Laptops,Dell,Dell Supplier,160.56,186.61,PRODUCT_SYSTEM
201275,Logitech Supplies Model 1276,Office,Supplies,Logitech,Logitech Supplier,220.69,320.4,PRODUCT_SYSTEM
201276,Apple Kitchen Model 1277,Home,Kitchen,Apple,Apple Supplier,1027.71,1570.69,PRODUCT_SYSTEM
201277,HP Supplies Model 1278,Office,Supplies,HP,HP Supplier,16.71,27.76,PRODUCT_SYSTEM
201278,Nike Accessories Model 1279,Electronics,Accessories,Nike,Nike Supplier,151.68,179.95,PRODUCT_SYSTEM
201279,Logitech Fitness Model 1280,Sports,Fitness,Logitech,Logitech Supplier,89.65,132.16,PRODUCT_SYSTEM
201280,Sony Kitchen Model 1281,Home,Kitchen,Sony,Sony Supplier,896.27,1019.68,PRODUCT_SYSTEM
201281,Nike Fitness Model 1282,Sports,Fitness,Nike,Nike Supplier,1071.47,1464.66,PRODUCT_SYSTEM
201282,Samsung Fitness Model 1283,Sports,Fitness,Samsung,Samsung Supplier,765.47,1268.25,PRODUCT_SYSTEM
201283,Lenovo Laptops Model 1284,Electronics,Laptops,Lenovo,Lenovo Supplier,390.48,538.6,PRODUCT_SYSTEM
201284,Samsung Monitors Model 1285,Electronics,Monitors,Samsung,Samsung Supplier,1194.87,1581.35,PRODUCT_SYSTEM
201285,Nike Kitchen Model 1286,Home,Kitchen,Nike,Nike Supplier,1010.29,1452.53,PRODUCT_SYSTEM
201286,Samsung Kitchen Model 1287,Home,Kitchen,Samsung,Samsung Supplier,942.87,1079.82,PRODUCT_SYSTEM
201287,Dell Kitchen Model 1288,Home,Kitchen,Dell,Dell Supplier,439.17,555.51,PRODUCT_SYSTEM
201288,Nike Men Model 1289,Clothing,Men,Nike,Nike Supplier,1131.07,1838.73,PRODUCT_SYSTEM
201289,Apple Men Model 1290,Clothing,Men,Apple,Apple Supplier,921.79,1017.99,PRODUCT_SYSTEM
201290,HP Women Model 1291,Clothing,Women,HP,HP Supplier,328.95,441.49,PRODUCT_SYSTEM
201291,Generic Fitness Model 1292,Sports,Fitness,Generic,Generic Supplier,250.15,334.79,PRODUCT_SYSTEM
201292,Lenovo Men Model 1293,Clothing,Men,Lenovo,Lenovo Supplier,292.03,363.54,PRODUCT_SYSTEM
201293,Samsung Monitors Model 1294,Electronics,Monitors,Samsung,Samsung Supplier,237.01,314.46,PRODUCT_SYSTEM
201294,Logitech Kitchen Model 1295,Home,Kitchen,Logitech,Logitech Supplier,1163.59,1811.6,PRODUCT_SYSTEM
201295,Apple Fitness Model 1296,Sports,Fitness,Apple,Apple Supplier,1156.71,1397.54,PRODUCT_SYSTEM
201296,Nike Furniture Model 1297,Home,Furniture,Nike,Nike Supplier,1172.73,1336.06,PRODUCT_SYSTEM
201297,Nike Laptops Model 1298,Electronics,Laptops,Nike,Nike Supplier,43.31,55.11,PRODUCT_SYSTEM
201298,Lenovo Furniture Model 1299,Home,Furniture,Lenovo,Lenovo Supplier,506.03,746.88,PRODUCT_SYSTEM
201299,Dell Furniture Model 1300,Home,Furniture,Dell,Dell Supplier,524.07,799.86,PRODUCT_SYSTEM
201300,Lenovo Men Model 1301,Clothing,Men,Lenovo,Lenovo Supplier,24.41,39.06,PRODUCT_SYSTEM
201301,Sony Laptops Model 1302,Electronics,Laptops,Sony,Sony Supplier,1076.34,1669.19,PRODUCT_SYSTEM
201302,Apple Laptops Model 1303,Electronics,Laptops,Apple,Apple Supplier,407.29,616.72,PRODUCT_SYSTEM
201303,Dell Furniture Model 1304,Home,Furniture,Dell,Dell Supplier,702.78,910.1,PRODUCT_SYSTEM
201304,Sony Furniture Model 1305,Home,Furniture,Sony,Sony Supplier,325.61,519.91,PRODUCT_SYSTEM
201305,Lenovo Monitors Model 1306,Electronics,Monitors,Lenovo,Lenovo Supplier,107.08,164.08,PRODUCT_SYSTEM
201306,Adidas Accessories Model 1307,Electronics,Accessories,Adidas,Adidas Supplier,529.23,841.02,PRODUCT_SYSTEM
201307,Lenovo Accessories Model 1308,Electronics,Accessories,Lenovo,Lenovo Supplier,788.9,944.77,PRODUCT_SYSTEM
201308,HP Supplies Model 1309,Office,Supplies,HP,HP Supplier,1102.89,1557.08,PRODUCT_SYSTEM
201309,Dell Kitchen Model 1310,Home,Kitchen,Dell,Dell Supplier,745.86,956.65,PRODUCT_SYSTEM
201310,Apple Supplies Model 1311,Office,Supplies,Apple,Apple Supplier,628.0,1109.62,PRODUCT_SYSTEM
201311,Lenovo Laptops Model 1312,Electronics,Laptops,Lenovo,Lenovo Supplier,463.68,585.39,PRODUCT_SYSTEM
201312,Sony Furniture Model 1313,Home,Furniture,Sony,Sony Supplier,20.78,32.24,PRODUCT_SYSTEM
201313,Dell Fitness Model 1314,Sports,Fitness,Dell,Dell Supplier,1093.35,1635.68,PRODUCT_SYSTEM
201314,Logitech Monitors Model 1315,Electronics,Monitors,Logitech,Logitech Supplier,1115.08,1902.5,PRODUCT_SYSTEM
201315,Lenovo Furniture Model 1316,Home,Furniture,Lenovo,Lenovo Supplier,244.87,324.7,PRODUCT_SYSTEM
201316,Adidas Accessories Model 1317,Electronics,Accessories,Adidas,Adidas Supplier,42.11,65.95,PRODUCT_SYSTEM
201317,Samsung Furniture Model 1318,Home,Furniture,Samsung,Samsung Supplier,890.13,1219.81,PRODUCT_SYSTEM
201318,Sony Kitchen Model 1319,Home,Kitchen,Sony,Sony Supplier,978.31,1612.8,PRODUCT_SYSTEM
201319,Lenovo Monitors Model 1320,Electronics,Monitors,Lenovo,Lenovo Supplier,365.87,651.81,PRODUCT_SYSTEM
201320,Dell Fitness Model 1321,Sports,Fitness,Dell,Dell Supplier,949.84,1627.06,PRODUCT_SYSTEM
201321,Lenovo Women Model 1322,Clothing,Women,Lenovo,Lenovo Supplier,664.13,882.96,PRODUCT_SYSTEM
201322,Dell Personal Care Model 1323,Beauty,Personal Care,Dell,Dell Supplier,437.16,623.58,PRODUCT_SYSTEM
201323,Nike Laptops Model 1324,Electronics,Laptops,Nike,Nike Supplier,830.77,1255.57,PRODUCT_SYSTEM
201324,Dell Personal Care Model 1325,Beauty,Personal Care,Dell,Dell Supplier,529.45,839.68,PRODUCT_SYSTEM
201325,Apple Personal Care Model 1326,Beauty,Personal Care,Apple,Apple Supplier,511.18,801.76,PRODUCT_SYSTEM
201326,Dell Women Model 1327,Clothing,Women,Dell,Dell Supplier,171.31,241.16,PRODUCT_SYSTEM
201327,Lenovo Laptops Model 1328,Electronics,Laptops,Lenovo,Lenovo Supplier,41.63,66.08,PRODUCT_SYSTEM
201328,Samsung Women Model 1329,Clothing,Women,Samsung,Samsung Supplier,1141.2,1467.45,PRODUCT_SYSTEM
201329,Generic Women Model 1330,Clothing,Women,Generic,Generic Supplier,1071.17,1506.62,PRODUCT_SYSTEM
201330,Nike Kitchen Model 1331,Home,Kitchen,Nike,Nike Supplier,66.45,92.15,PRODUCT_SYSTEM
201331,Generic Supplies Model 1332,Office,Supplies,Generic,Generic Supplier,474.1,630.81,PRODUCT_SYSTEM
201332,Apple Laptops Model 1333,Electronics,Laptops,Apple,Apple Supplier,223.16,263.15,PRODUCT_SYSTEM
201333,Nike Personal Care Model 1334,Beauty,Personal Care,Nike,Nike Supplier,746.51,1301.0,PRODUCT_SYSTEM
201334,Sony Fitness Model 1335,Sports,Fitness,Sony,Sony Supplier,956.59,1350.17,PRODUCT_SYSTEM
201335,Adidas Kitchen Model 1336,Home,Kitchen,Adidas,Adidas Supplier,494.52,553.91,PRODUCT_SYSTEM
201336,HP Fitness Model 1337,Sports,Fitness,HP,HP Supplier,481.04,576.86,PRODUCT_SYSTEM
201337,Lenovo Fitness Model 1338,Sports,Fitness,Lenovo,Lenovo Supplier,165.74,230.14,PRODUCT_SYSTEM
201338,HP Personal Care Model 1339,Beauty,Personal Care,HP,HP Supplier,81.78,138.39,PRODUCT_SYSTEM
201339,Lenovo Monitors Model 1340,Electronics,Monitors,Lenovo,Lenovo Supplier,951.51,1622.56,PRODUCT_SYSTEM
201340,Apple Women Model 1341,Clothing,Women,Apple,Apple Supplier,214.15,371.55,PRODUCT_SYSTEM
201341,Samsung Kitchen Model 1342,Home,Kitchen,Samsung,Samsung Supplier,1102.31,1839.88,PRODUCT_SYSTEM
201342,Nike Kitchen Model 1343,Home,Kitchen,Nike,Nike Supplier,347.97,525.52,PRODUCT_SYSTEM
201343,HP Women Model 1344,Clothing,Women,HP,HP Supplier,1063.89,1327.01,PRODUCT_SYSTEM
201344,Dell Women Model 1345,Clothing,Women,Dell,Dell Supplier,730.39,1263.33,PRODUCT_SYSTEM
201345,Apple Women Model 1346,Clothing,Women,Apple,Apple Supplier,771.43,992.52,PRODUCT_SYSTEM
201346,Logitech Fitness Model 1347,Sports,Fitness,Logitech,Logitech Supplier,1090.27,1722.66,PRODUCT_SYSTEM
201347,Apple Laptops Model 1348,Electronics,Laptops,Apple,Apple Supplier,895.45,1391.79,PRODUCT_SYSTEM
201348,Samsung Men Model 1349,Clothing,Men,Samsung,Samsung Supplier,734.46,1037.51,PRODUCT_SYSTEM
201349,Dell Kitchen Model 1350,Home,Kitchen,Dell,Dell Supplier,131.21,154.36,PRODUCT_SYSTEM
201350,Generic Accessories Model 1351,Electronics,Accessories,Generic,Generic Supplier,53.6,95.56,PRODUCT_SYSTEM
201351,Adidas Women Model 1352,Clothing,Women,Adidas,Adidas Supplier,1123.64,1631.92,PRODUCT_SYSTEM
201352,Generic Monitors Model 1353,Electronics,Monitors,Generic,Generic Supplier,1197.78,2119.48,PRODUCT_SYSTEM
201353,Lenovo Accessories Model 1354,Electronics,Accessories,Lenovo,Lenovo Supplier,758.05,1241.26,PRODUCT_SYSTEM
201354,Dell Furniture Model 1355,Home,Furniture,Dell,Dell Supplier,929.79,1667.57,PRODUCT_SYSTEM
201355,Generic Kitchen Model 1356,Home,Kitchen,Generic,Generic Supplier,310.01,346.98,PRODUCT_SYSTEM
201356,Dell Women Model 1357,Clothing,Women,Dell,Dell Supplier,864.93,1048.36,PRODUCT_SYSTEM
201357,Samsung Supplies Model 1358,Office,Supplies,Samsung,Samsung Supplier,134.63,203.65,PRODUCT_SYSTEM
201358,Adidas Furniture Model 1359,Home,Furniture,Adidas,Adidas Supplier,1146.23,1392.21,PRODUCT_SYSTEM
201359,Generic Accessories Model 1360,Electronics,Accessories,Generic,Generic Supplier,265.79,469.42,PRODUCT_SYSTEM
201360,Samsung Kitchen Model 1361,Home,Kitchen,Samsung,Samsung Supplier,1018.94,1177.41,PRODUCT_SYSTEM
201361,Sony Supplies Model 1362,Office,Supplies,Sony,Sony Supplier,582.34,1004.04,PRODUCT_SYSTEM
201362,Apple Men Model 1363,Clothing,Men,Apple,Apple Supplier,312.81,480.7,PRODUCT_SYSTEM
201363,Adidas Personal Care Model 1364,Beauty,Personal Care,Adidas,Adidas Supplier,796.56,1400.93,PRODUCT_SYSTEM
201364,Dell Furniture Model 1365,Home,Furniture,Dell,Dell Supplier,949.65,1517.21,PRODUCT_SYSTEM
201365,Apple Accessories Model 1366,Electronics,Accessories,Apple,Apple Supplier,457.62,514.8,PRODUCT_SYSTEM
201366,Generic Furniture Model 1367,Home,Furniture,Generic,Generic Supplier,413.77,685.0,PRODUCT_SYSTEM
201367,Samsung Furniture Model 1368,Home,Furniture,Samsung,Samsung Supplier,1085.94,1405.0,PRODUCT_SYSTEM
201368,Samsung Monitors Model 1369,Electronics,Monitors,Samsung,Samsung Supplier,1001.53,1567.6,PRODUCT_SYSTEM
201369,Logitech Personal Care Model 1370,Beauty,Personal Care,Logitech,Logitech Supplier,645.22,1024.2,PRODUCT_SYSTEM
201370,Sony Women Model 1371,Clothing,Women,Sony,Sony Supplier,246.23,271.43,PRODUCT_SYSTEM
201371,Generic Kitchen Model 1372,Home,Kitchen,Generic,Generic Supplier,1078.08,1384.18,PRODUCT_SYSTEM
201372,Nike Women Model 1373,Clothing,Women,Nike,Nike Supplier,500.4,648.91,PRODUCT_SYSTEM
201373,Logitech Men Model 1374,Clothing,Men,Logitech,Logitech Supplier,10.41,11.5,PRODUCT_SYSTEM
201374,Apple Accessories Model 1375,Electronics,Accessories,Apple,Apple Supplier,1000.61,1171.67,PRODUCT_SYSTEM
201375,Nike Women Model 1376,Clothing,Women,Nike,Nike Supplier,77.7,127.79,PRODUCT_SYSTEM
201376,Adidas Personal Care Model 1377,Beauty,Personal Care,Adidas,Adidas Supplier,240.54,391.0,PRODUCT_SYSTEM
201377,Sony Accessories Model 1378,Electronics,Accessories,Sony,Sony Supplier,71.81,84.78,PRODUCT_SYSTEM
201378,Adidas Accessories Model 1379,Electronics,Accessories,Adidas,Adidas Supplier,1117.51,1297.95,PRODUCT_SYSTEM
201379,Adidas Fitness Model 1380,Sports,Fitness,Adidas,Adidas Supplier,955.05,1677.07,PRODUCT_SYSTEM
201380,Logitech Men Model 1381,Clothing,Men,Logitech,Logitech Supplier,1155.48,2011.54,PRODUCT_SYSTEM
201381,Generic Monitors Model 1382,Electronics,Monitors,Generic,Generic Supplier,559.17,758.66,PRODUCT_SYSTEM
201382,Nike Laptops Model 1383,Electronics,Laptops,Nike,Nike Supplier,591.47,681.33,PRODUCT_SYSTEM
201383,Generic Women Model 1384,Clothing,Women,Generic,Generic Supplier,1185.67,1661.83,PRODUCT_SYSTEM
201384,Apple Supplies Model 1385,Office,Supplies,Apple,Apple Supplier,798.37,1116.1,PRODUCT_SYSTEM
201385,Logitech Supplies Model 1386,Office,Supplies,Logitech,Logitech Supplier,339.08,585.76,PRODUCT_SYSTEM
201386,Apple Laptops Model 1387,Electronics,Laptops,Apple,Apple Supplier,958.66,1346.74,PRODUCT_SYSTEM
201387,Dell Men Model 1388,Clothing,Men,Dell,Dell Supplier,497.39,705.41,PRODUCT_SYSTEM
201388,Nike Men Model 1389,Clothing,Men,Nike,Nike Supplier,384.43,604.57,PRODUCT_SYSTEM
201389,HP Personal Care Model 1390,Beauty,Personal Care,HP,HP Supplier,314.6,392.32,PRODUCT_SYSTEM
201390,Lenovo Monitors Model 1391,Electronics,Monitors,Lenovo,Lenovo Supplier,117.31,135.08,PRODUCT_SYSTEM
201391,Generic Fitness Model 1392,Sports,Fitness,Generic,Generic Supplier,623.03,1070.74,PRODUCT_SYSTEM
201392,Dell Accessories Model 1393,Electronics,Accessories,Dell,Dell Supplier,610.92,918.56,PRODUCT_SYSTEM
201393,Logitech Personal Care Model 1394,Beauty,Personal Care,Logitech,Logitech Supplier,66.6,74.42,PRODUCT_SYSTEM
201394,Sony Kitchen Model 1395,Home,Kitchen,Sony,Sony Supplier,729.48,882.48,PRODUCT_SYSTEM
201395,Sony Personal Care Model 1396,Beauty,Personal Care,Sony,Sony Supplier,498.17,850.85,PRODUCT_SYSTEM
201396,Nike Personal Care Model 1397,Beauty,Personal Care,Nike,Nike Supplier,484.22,567.2,PRODUCT_SYSTEM
201397,Dell Fitness Model 1398,Sports,Fitness,Dell,Dell Supplier,144.2,196.18,PRODUCT_SYSTEM
201398,Apple Laptops Model 1399,Electronics,Laptops,Apple,Apple Supplier,116.78,130.12,PRODUCT_SYSTEM
201399,Samsung Personal Care Model 1400,Beauty,Personal Care,Samsung,Samsung Supplier,76.55,129.39,PRODUCT_SYSTEM
201400,Logitech Men Model 1401,Clothing,Men,Logitech,Logitech Supplier,534.51,930.0,PRODUCT_SYSTEM
201401,Lenovo Fitness Model 1402,Sports,Fitness,Lenovo,Lenovo Supplier,389.32,610.42,PRODUCT_SYSTEM
201402,Dell Men Model 1403,Clothing,Men,Dell,Dell Supplier,732.07,1310.14,PRODUCT_SYSTEM
201403,Nike Supplies Model 1404,Office,Supplies,Nike,Nike Supplier,202.33,228.63,PRODUCT_SYSTEM
201404,Dell Kitchen Model 1405,Home,Kitchen,Dell,Dell Supplier,785.51,1164.51,PRODUCT_SYSTEM
201405,Dell Supplies Model 1406,Office,Supplies,Dell,Dell Supplier,559.43,997.02,PRODUCT_SYSTEM
201406,Nike Furniture Model 1407,Home,Furniture,Nike,Nike Supplier,182.62,262.89,PRODUCT_SYSTEM
201407,Generic Supplies Model 1408,Office,Supplies,Generic,Generic Supplier,959.24,1074.25,PRODUCT_SYSTEM
201408,HP Furniture Model 1409,Home,Furniture,HP,HP Supplier,736.88,923.55,PRODUCT_SYSTEM
201409,Dell Accessories Model 1410,Electronics,Accessories,Dell,Dell Supplier,838.93,966.45,PRODUCT_SYSTEM
201410,Apple Laptops Model 1411,Electronics,Laptops,Apple,Apple Supplier,728.85,1297.31,PRODUCT_SYSTEM
201411,Samsung Monitors Model 1412,Electronics,Monitors,Samsung,Samsung Supplier,751.5,1136.9,PRODUCT_SYSTEM
201412,Sony Accessories Model 1413,Electronics,Accessories,Sony,Sony Supplier,629.73,1113.21,PRODUCT_SYSTEM
201413,Logitech Monitors Model 1414,Electronics,Monitors,Logitech,Logitech Supplier,822.49,960.55,PRODUCT_SYSTEM
201414,HP Furniture Model 1415,Home,Furniture,HP,HP Supplier,1090.39,1219.47,PRODUCT_SYSTEM
201415,Dell Men Model 1416,Clothing,Men,Dell,Dell Supplier,72.72,110.02,PRODUCT_SYSTEM
201416,Apple Accessories Model 1417,Electronics,Accessories,Apple,Apple Supplier,1125.04,1437.39,PRODUCT_SYSTEM
201417,Generic Supplies Model 1418,Office,Supplies,Generic,Generic Supplier,279.33,400.29,PRODUCT_SYSTEM
201418,Generic Supplies Model 1419,Office,Supplies,Generic,Generic Supplier,1094.99,1493.16,PRODUCT_SYSTEM
201419,Sony Women Model 1420,Clothing,Women,Sony,Sony Supplier,390.06,518.0,PRODUCT_SYSTEM
201420,Lenovo Kitchen Model 1421,Home,Kitchen,Lenovo,Lenovo Supplier,658.47,776.63,PRODUCT_SYSTEM
201421,Lenovo Fitness Model 1422,Sports,Fitness,Lenovo,Lenovo Supplier,211.73,261.39,PRODUCT_SYSTEM
201422,Apple Laptops Model 1423,Electronics,Laptops,Apple,Apple Supplier,232.62,328.13,PRODUCT_SYSTEM
201423,Logitech Fitness Model 1424,Sports,Fitness,Logitech,Logitech Supplier,561.33,959.35,PRODUCT_SYSTEM
201424,Nike Supplies Model 1425,Office,Supplies,Nike,Nike Supplier,1119.04,1868.35,PRODUCT_SYSTEM
201425,Dell Women Model 1426,Clothing,Women,Dell,Dell Supplier,400.81,635.84,PRODUCT_SYSTEM
201426,Nike Laptops Model 1427,Electronics,Laptops,Nike,Nike Supplier,596.55,1021.94,PRODUCT_SYSTEM
201427,Logitech Furniture Model 1428,Home,Furniture,Logitech,Logitech Supplier,926.25,1360.2,PRODUCT_SYSTEM
201428,Dell Fitness Model 1429,Sports,Fitness,Dell,Dell Supplier,352.34,594.21,PRODUCT_SYSTEM
201429,Lenovo Kitchen Model 1430,Home,Kitchen,Lenovo,Lenovo Supplier,320.8,526.93,PRODUCT_SYSTEM
201430,HP Supplies Model 1431,Office,Supplies,HP,HP Supplier,540.62,932.38,PRODUCT_SYSTEM
201431,Apple Monitors Model 1432,Electronics,Monitors,Apple,Apple Supplier,1069.01,1874.57,PRODUCT_SYSTEM
201432,Lenovo Fitness Model 1433,Sports,Fitness,Lenovo,Lenovo Supplier,1146.06,1749.3,PRODUCT_SYSTEM
201433,Sony Men Model 1434,Clothing,Men,Sony,Sony Supplier,1018.68,1250.8,PRODUCT_SYSTEM
201434,Nike Supplies Model 1435,Office,Supplies,Nike,Nike Supplier,1122.17,1449.16,PRODUCT_SYSTEM
201435,Dell Personal Care Model 1436,Beauty,Personal Care,Dell,Dell Supplier,215.23,292.94,PRODUCT_SYSTEM
201436,Generic Accessories Model 1437,Electronics,Accessories,Generic,Generic Supplier,121.76,168.49,PRODUCT_SYSTEM
201437,Generic Furniture Model 1438,Home,Furniture,Generic,Generic Supplier,984.11,1473.45,PRODUCT_SYSTEM
201438,Nike Kitchen Model 1439,Home,Kitchen,Nike,Nike Supplier,305.55,350.16,PRODUCT_SYSTEM
201439,Adidas Supplies Model 1440,Office,Supplies,Adidas,Adidas Supplier,777.72,1301.33,PRODUCT_SYSTEM
201440,Adidas Fitness Model 1441,Sports,Fitness,Adidas,Adidas Supplier,1034.95,1343.14,PRODUCT_SYSTEM
201441,Samsung Personal Care Model 1442,Beauty,Personal Care,Samsung,Samsung Supplier,536.32,649.91,PRODUCT_SYSTEM
201442,HP Kitchen Model 1443,Home,Kitchen,HP,HP Supplier,1018.08,1240.48,PRODUCT_SYSTEM
201443,Logitech Women Model 1444,Clothing,Women,Logitech,Logitech Supplier,1008.47,1620.3,PRODUCT_SYSTEM
201444,Sony Accessories Model 1445,Electronics,Accessories,Sony,Sony Supplier,39.9,67.73,PRODUCT_SYSTEM
201445,Apple Furniture Model 1446,Home,Furniture,Apple,Apple Supplier,1171.44,1890.97,PRODUCT_SYSTEM
201446,Samsung Monitors Model 1447,Electronics,Monitors,Samsung,Samsung Supplier,198.71,353.35,PRODUCT_SYSTEM
201447,Sony Personal Care Model 1448,Beauty,Personal Care,Sony,Sony Supplier,237.5,334.4,PRODUCT_SYSTEM
201448,Apple Supplies Model 1449,Office,Supplies,Apple,Apple Supplier,132.93,160.05,PRODUCT_SYSTEM
201449,Generic Furniture Model 1450,Home,Furniture,Generic,Generic Supplier,361.68,475.98,PRODUCT_SYSTEM
201450,Generic Accessories Model 1451,Electronics,Accessories,Generic,Generic Supplier,72.05,123.48,PRODUCT_SYSTEM
201451,Apple Kitchen Model 1452,Home,Kitchen,Apple,Apple Supplier,150.25,252.24,PRODUCT_SYSTEM
201452,Generic Kitchen Model 1453,Home,Kitchen,Generic,Generic Supplier,762.67,891.04,PRODUCT_SYSTEM
201453,Adidas Accessories Model 1454,Electronics,Accessories,Adidas,Adidas Supplier,247.14,323.02,PRODUCT_SYSTEM
201454,Dell Supplies Model 1455,Office,Supplies,Dell,Dell Supplier,138.62,209.79,PRODUCT_SYSTEM
201455,Nike Fitness Model 1456,Sports,Fitness,Nike,Nike Supplier,41.86,69.57,PRODUCT_SYSTEM
201456,Generic Kitchen Model 1457,Home,Kitchen,Generic,Generic Supplier,81.37,132.38,PRODUCT_SYSTEM
201457,Generic Personal Care Model 1458,Beauty,Personal Care,Generic,Generic Supplier,271.8,355.78,PRODUCT_SYSTEM
201458,Adidas Men Model 1459,Clothing,Men,Adidas,Adidas Supplier,922.12,1313.37,PRODUCT_SYSTEM
201459,Generic Accessories Model 1460,Electronics,Accessories,Generic,Generic Supplier,1147.12,1481.0,PRODUCT_SYSTEM
201460,Nike Fitness Model 1461,Sports,Fitness,Nike,Nike Supplier,730.12,1270.21,PRODUCT_SYSTEM
201461,Samsung Men Model 1462,Clothing,Men,Samsung,Samsung Supplier,145.92,238.75,PRODUCT_SYSTEM
201462,Adidas Men Model 1463,Clothing,Men,Adidas,Adidas Supplier,214.84,333.77,PRODUCT_SYSTEM
201463,Nike Accessories Model 1464,Electronics,Accessories,Nike,Nike Supplier,726.43,813.28,PRODUCT_SYSTEM
201464,Lenovo Laptops Model 1465,Electronics,Laptops,Lenovo,Lenovo Supplier,890.11,1384.46,PRODUCT_SYSTEM
201465,Sony Fitness Model 1466,Sports,Fitness,Sony,Sony Supplier,217.35,315.1,PRODUCT_SYSTEM
201466,Sony Furniture Model 1467,Home,Furniture,Sony,Sony Supplier,442.07,623.06,PRODUCT_SYSTEM
201467,Logitech Fitness Model 1468,Sports,Fitness,Logitech,Logitech Supplier,812.72,1101.8,PRODUCT_SYSTEM
201468,Logitech Men Model 1469,Clothing,Men,Logitech,Logitech Supplier,121.08,140.43,PRODUCT_SYSTEM
201469,HP Furniture Model 1470,Home,Furniture,HP,HP Supplier,349.56,534.28,PRODUCT_SYSTEM
201470,Adidas Supplies Model 1471,Office,Supplies,Adidas,Adidas Supplier,462.24,597.16,PRODUCT_SYSTEM
201471,Sony Fitness Model 1472,Sports,Fitness,Sony,Sony Supplier,378.19,475.41,PRODUCT_SYSTEM
201472,Samsung Furniture Model 1473,Home,Furniture,Samsung,Samsung Supplier,1091.25,1284.74,PRODUCT_SYSTEM
201473,Lenovo Supplies Model 1474,Office,Supplies,Lenovo,Lenovo Supplier,97.93,136.51,PRODUCT_SYSTEM
201474,Logitech Accessories Model 1475,Electronics,Accessories,Logitech,Logitech Supplier,1054.7,1882.24,PRODUCT_SYSTEM
201475,Generic Accessories Model 1476,Electronics,Accessories,Generic,Generic Supplier,854.24,1363.31,PRODUCT_SYSTEM
201476,Apple Fitness Model 1477,Sports,Fitness,Apple,Apple Supplier,1026.57,1826.97,PRODUCT_SYSTEM
201477,Nike Fitness Model 1478,Sports,Fitness,Nike,Nike Supplier,1169.92,1314.38,PRODUCT_SYSTEM
201478,Sony Accessories Model 1479,Electronics,Accessories,Sony,Sony Supplier,976.84,1435.99,PRODUCT_SYSTEM
201479,Dell Laptops Model 1480,Electronics,Laptops,Dell,Dell Supplier,618.94,951.21,PRODUCT_SYSTEM
201480,Nike Personal Care Model 1481,Beauty,Personal Care,Nike,Nike Supplier,127.31,223.13,PRODUCT_SYSTEM
201481,Apple Personal Care Model 1482,Beauty,Personal Care,Apple,Apple Supplier,651.15,832.07,PRODUCT_SYSTEM
201482,HP Monitors Model 1483,Electronics,Monitors,HP,HP Supplier,1120.1,2007.5,PRODUCT_SYSTEM
201483,Nike Men Model 1484,Clothing,Men,Nike,Nike Supplier,837.18,963.29,PRODUCT_SYSTEM
201484,Nike Accessories Model 1485,Electronics,Accessories,Nike,Nike Supplier,389.24,432.0,PRODUCT_SYSTEM
201485,Lenovo Furniture Model 1486,Home,Furniture,Lenovo,Lenovo Supplier,103.97,187.11,PRODUCT_SYSTEM
201486,Samsung Furniture Model 1487,Home,Furniture,Samsung,Samsung Supplier,47.43,54.05,PRODUCT_SYSTEM
201487,Logitech Fitness Model 1488,Sports,Fitness,Logitech,Logitech Supplier,930.8,1570.95,PRODUCT_SYSTEM
201488,Lenovo Furniture Model 1489,Home,Furniture,Lenovo,Lenovo Supplier,210.42,306.05,PRODUCT_SYSTEM
201489,Generic Monitors Model 1490,Electronics,Monitors,Generic,Generic Supplier,968.84,1375.26,PRODUCT_SYSTEM
201490,Dell Personal Care Model 1491,Beauty,Personal Care,Dell,Dell Supplier,960.58,1587.38,PRODUCT_SYSTEM
201491,Apple Furniture Model 1492,Home,Furniture,Apple,Apple Supplier,572.45,1026.69,PRODUCT_SYSTEM
201492,Dell Fitness Model 1493,Sports,Fitness,Dell,Dell Supplier,958.69,1574.35,PRODUCT_SYSTEM
201493,Nike Fitness Model 1494,Sports,Fitness,Nike,Nike Supplier,1077.87,1622.06,PRODUCT_SYSTEM
201494,Lenovo Personal Care Model 1495,Beauty,Personal Care,Lenovo,Lenovo Supplier,945.43,1433.07,PRODUCT_SYSTEM
201495,Dell Women Model 1496,Clothing,Women,Dell,Dell Supplier,460.01,635.19,PRODUCT_SYSTEM
201496,Dell Men Model 1497,Clothing,Men,Dell,Dell Supplier,910.44,1042.34,PRODUCT_SYSTEM
201497,Samsung Women Model 1498,Clothing,Women,Samsung,Samsung Supplier,491.36,777.67,PRODUCT_SYSTEM
201498,Nike Personal Care Model 1499,Beauty,Personal Care,Nike,Nike Supplier,54.05,76.3,PRODUCT_SYSTEM
201499,Dell Accessories Model 1500,Electronics,Accessories,Dell,Dell Supplier,1198.3,1433.93,PRODUCT_SYSTEM
201500,Samsung Monitors Model 1501,Electronics,Monitors,Samsung,Samsung Supplier,106.81,143.98,PRODUCT_SYSTEM
201501,Nike Personal Care Model 1502,Beauty,Personal Care,Nike,Nike Supplier,1068.08,1891.06,PRODUCT_SYSTEM
201502,Lenovo Personal Care Model 1503,Beauty,Personal Care,Lenovo,Lenovo Supplier,906.74,1288.56,PRODUCT_SYSTEM
201503,Lenovo Monitors Model 1504,Electronics,Monitors,Lenovo,Lenovo Supplier,572.45,962.91,PRODUCT_SYSTEM
201504,Generic Personal Care Model 1505,Beauty,Personal Care,Generic,Generic Supplier,183.95,310.36,PRODUCT_SYSTEM
201505,Lenovo Accessories Model 1506,Electronics,Accessories,Lenovo,Lenovo Supplier,588.41,817.83,PRODUCT_SYSTEM
201506,Nike Monitors Model 1507,Electronics,Monitors,Nike,Nike Supplier,602.76,781.07,PRODUCT_SYSTEM
201507,Sony Supplies Model 1508,Office,Supplies,Sony,Sony Supplier,652.56,1140.3,PRODUCT_SYSTEM
201508,Samsung Monitors Model 1509,Electronics,Monitors,Samsung,Samsung Supplier,25.64,30.1,PRODUCT_SYSTEM
201509,Adidas Fitness Model 1510,Sports,Fitness,Adidas,Adidas Supplier,981.12,1681.07,PRODUCT_SYSTEM
201510,Apple Men Model 1511,Clothing,Men,Apple,Apple Supplier,132.14,169.98,PRODUCT_SYSTEM
201511,Nike Women Model 1512,Clothing,Women,Nike,Nike Supplier,583.43,1012.45,PRODUCT_SYSTEM
201512,Adidas Supplies Model 1513,Office,Supplies,Adidas,Adidas Supplier,779.48,1381.36,PRODUCT_SYSTEM
201513,Nike Accessories Model 1514,Electronics,Accessories,Nike,Nike Supplier,667.95,780.61,PRODUCT_SYSTEM
201514,HP Accessories Model 1515,Electronics,Accessories,HP,HP Supplier,717.12,906.14,PRODUCT_SYSTEM
201515,Generic Personal Care Model 1516,Beauty,Personal Care,Generic,Generic Supplier,96.65,139.57,PRODUCT_SYSTEM
201516,Logitech Personal Care Model 1517,Beauty,Personal Care,Logitech,Logitech Supplier,506.61,706.42,PRODUCT_SYSTEM
201517,Samsung Kitchen Model 1518,Home,Kitchen,Samsung,Samsung Supplier,145.51,166.95,PRODUCT_SYSTEM
201518,Lenovo Accessories Model 1519,Electronics,Accessories,Lenovo,Lenovo Supplier,84.53,93.39,PRODUCT_SYSTEM
201519,Samsung Monitors Model 1520,Electronics,Monitors,Samsung,Samsung Supplier,635.31,765.94,PRODUCT_SYSTEM
201520,HP Men Model 1521,Clothing,Men,HP,HP Supplier,456.18,792.88,PRODUCT_SYSTEM
201521,Generic Furniture Model 1522,Home,Furniture,Generic,Generic Supplier,682.33,1018.25,PRODUCT_SYSTEM
201522,Nike Furniture Model 1523,Home,Furniture,Nike,Nike Supplier,516.3,794.34,PRODUCT_SYSTEM
201523,Logitech Men Model 1524,Clothing,Men,Logitech,Logitech Supplier,1125.7,1361.83,PRODUCT_SYSTEM
201524,Samsung Kitchen Model 1525,Home,Kitchen,Samsung,Samsung Supplier,525.61,730.9,PRODUCT_SYSTEM
201525,Nike Men Model 1526,Clothing,Men,Nike,Nike Supplier,258.0,299.51,PRODUCT_SYSTEM
201526,Logitech Accessories Model 1527,Electronics,Accessories,Logitech,Logitech Supplier,411.66,492.24,PRODUCT_SYSTEM
201527,Sony Personal Care Model 1528,Beauty,Personal Care,Sony,Sony Supplier,291.03,327.76,PRODUCT_SYSTEM
201528,Dell Men Model 1529,Clothing,Men,Dell,Dell Supplier,841.54,1455.73,PRODUCT_SYSTEM
201529,Samsung Fitness Model 1530,Sports,Fitness,Samsung,Samsung Supplier,922.02,1327.42,PRODUCT_SYSTEM
201530,Sony Fitness Model 1531,Sports,Fitness,Sony,Sony Supplier,579.59,927.12,PRODUCT_SYSTEM
201531,Adidas Kitchen Model 1532,Home,Kitchen,Adidas,Adidas Supplier,523.93,811.35,PRODUCT_SYSTEM
201532,Sony Fitness Model 1533,Sports,Fitness,Sony,Sony Supplier,1187.64,1404.26,PRODUCT_SYSTEM
201533,Apple Monitors Model 1534,Electronics,Monitors,Apple,Apple Supplier,484.0,665.67,PRODUCT_SYSTEM
201534,Samsung Laptops Model 1535,Electronics,Laptops,Samsung,Samsung Supplier,737.44,1255.5,PRODUCT_SYSTEM
201535,Generic Accessories Model 1536,Electronics,Accessories,Generic,Generic Supplier,367.92,435.02,PRODUCT_SYSTEM
201536,Lenovo Supplies Model 1537,Office,Supplies,Lenovo,Lenovo Supplier,12.65,19.16,PRODUCT_SYSTEM
201537,Sony Monitors Model 1538,Electronics,Monitors,Sony,Sony Supplier,955.97,1061.05,PRODUCT_SYSTEM
201538,Dell Women Model 1539,Clothing,Women,Dell,Dell Supplier,74.96,104.97,PRODUCT_SYSTEM
201539,Generic Supplies Model 1540,Office,Supplies,Generic,Generic Supplier,1000.28,1355.5,PRODUCT_SYSTEM
201540,Logitech Laptops Model 1541,Electronics,Laptops,Logitech,Logitech Supplier,771.69,1301.43,PRODUCT_SYSTEM
201541,Lenovo Accessories Model 1542,Electronics,Accessories,Lenovo,Lenovo Supplier,210.1,264.46,PRODUCT_SYSTEM
201542,Apple Supplies Model 1543,Office,Supplies,Apple,Apple Supplier,405.72,655.94,PRODUCT_SYSTEM
201543,Logitech Kitchen Model 1544,Home,Kitchen,Logitech,Logitech Supplier,189.07,232.44,PRODUCT_SYSTEM
201544,Apple Fitness Model 1545,Sports,Fitness,Apple,Apple Supplier,1167.86,1678.47,PRODUCT_SYSTEM
201545,Lenovo Kitchen Model 1546,Home,Kitchen,Lenovo,Lenovo Supplier,1133.25,1977.83,PRODUCT_SYSTEM
201546,Apple Kitchen Model 1547,Home,Kitchen,Apple,Apple Supplier,453.77,717.76,PRODUCT_SYSTEM
201547,Nike Furniture Model 1548,Home,Furniture,Nike,Nike Supplier,977.73,1482.74,PRODUCT_SYSTEM
201548,HP Kitchen Model 1549,Home,Kitchen,HP,HP Supplier,632.77,1071.56,PRODUCT_SYSTEM
201549,Samsung Laptops Model 1550,Electronics,Laptops,Samsung,Samsung Supplier,260.31,289.66,PRODUCT_SYSTEM
201550,Apple Monitors Model 1551,Electronics,Monitors,Apple,Apple Supplier,900.87,1228.66,PRODUCT_SYSTEM
201551,Apple Laptops Model 1552,Electronics,Laptops,Apple,Apple Supplier,498.07,876.23,PRODUCT_SYSTEM
201552,HP Monitors Model 1553,Electronics,Monitors,HP,HP Supplier,632.08,914.38,PRODUCT_SYSTEM
201553,Samsung Supplies Model 1554,Office,Supplies,Samsung,Samsung Supplier,347.85,388.14,PRODUCT_SYSTEM
201554,Nike Women Model 1555,Clothing,Women,Nike,Nike Supplier,843.7,1422.01,PRODUCT_SYSTEM
201555,HP Supplies Model 1556,Office,Supplies,HP,HP Supplier,1186.75,1319.51,PRODUCT_SYSTEM
201556,Nike Supplies Model 1557,Office,Supplies,Nike,Nike Supplier,1166.33,1494.18,PRODUCT_SYSTEM
201557,Lenovo Personal Care Model 1558,Beauty,Personal Care,Lenovo,Lenovo Supplier,753.17,1284.8,PRODUCT_SYSTEM
201558,Samsung Personal Care Model 1559,Beauty,Personal Care,Samsung,Samsung Supplier,119.55,177.94,PRODUCT_SYSTEM
201559,Generic Monitors Model 1560,Electronics,Monitors,Generic,Generic Supplier,476.15,579.15,PRODUCT_SYSTEM
201560,Apple Kitchen Model 1561,Home,Kitchen,Apple,Apple Supplier,1029.79,1685.2,PRODUCT_SYSTEM
201561,HP Fitness Model 1562,Sports,Fitness,HP,HP Supplier,352.56,467.61,PRODUCT_SYSTEM
201562,Dell Personal Care Model 1563,Beauty,Personal Care,Dell,Dell Supplier,856.25,1447.89,PRODUCT_SYSTEM
201563,Apple Laptops Model 1564,Electronics,Laptops,Apple,Apple Supplier,770.49,1229.63,PRODUCT_SYSTEM
201564,Lenovo Accessories Model 1565,Electronics,Accessories,Lenovo,Lenovo Supplier,819.11,1458.75,PRODUCT_SYSTEM
201565,Nike Fitness Model 1566,Sports,Fitness,Nike,Nike Supplier,1052.36,1613.33,PRODUCT_SYSTEM
201566,Lenovo Fitness Model 1567,Sports,Fitness,Lenovo,Lenovo Supplier,165.63,208.78,PRODUCT_SYSTEM
201567,Dell Kitchen Model 1568,Home,Kitchen,Dell,Dell Supplier,1068.56,1764.61,PRODUCT_SYSTEM
201568,Sony Monitors Model 1569,Electronics,Monitors,Sony,Sony Supplier,629.85,1017.62,PRODUCT_SYSTEM
201569,Generic Women Model 1570,Clothing,Women,Generic,Generic Supplier,847.3,1162.9,PRODUCT_SYSTEM
201570,Lenovo Women Model 1571,Clothing,Women,Lenovo,Lenovo Supplier,128.5,177.99,PRODUCT_SYSTEM
201571,Dell Accessories Model 1572,Electronics,Accessories,Dell,Dell Supplier,831.95,1408.82,PRODUCT_SYSTEM
201572,Lenovo Furniture Model 1573,Home,Furniture,Lenovo,Lenovo Supplier,648.27,1053.7,PRODUCT_SYSTEM
201573,Sony Men Model 1574,Clothing,Men,Sony,Sony Supplier,1183.83,1443.44,PRODUCT_SYSTEM
201574,Adidas Accessories Model 1575,Electronics,Accessories,Adidas,Adidas Supplier,570.73,821.84,PRODUCT_SYSTEM
201575,Sony Kitchen Model 1576,Home,Kitchen,Sony,Sony Supplier,373.43,534.74,PRODUCT_SYSTEM
201576,Adidas Monitors Model 1577,Electronics,Monitors,Adidas,Adidas Supplier,467.52,611.33,PRODUCT_SYSTEM
201577,Logitech Monitors Model 1578,Electronics,Monitors,Logitech,Logitech Supplier,1074.92,1221.4,PRODUCT_SYSTEM
201578,Adidas Laptops Model 1579,Electronics,Laptops,Adidas,Adidas Supplier,67.48,117.49,PRODUCT_SYSTEM
201579,Adidas Accessories Model 1580,Electronics,Accessories,Adidas,Adidas Supplier,913.0,1460.88,PRODUCT_SYSTEM
201580,HP Supplies Model 1581,Office,Supplies,HP,HP Supplier,763.07,893.32,PRODUCT_SYSTEM
201581,Nike Accessories Model 1582,Electronics,Accessories,Nike,Nike Supplier,42.74,53.53,PRODUCT_SYSTEM
201582,Generic Monitors Model 1583,Electronics,Monitors,Generic,Generic Supplier,104.45,128.25,PRODUCT_SYSTEM
201583,Samsung Monitors Model 1584,Electronics,Monitors,Samsung,Samsung Supplier,405.88,632.82,PRODUCT_SYSTEM
201584,Logitech Supplies Model 1585,Office,Supplies,Logitech,Logitech Supplier,1139.85,1424.93,PRODUCT_SYSTEM
201585,Sony Accessories Model 1586,Electronics,Accessories,Sony,Sony Supplier,147.54,251.44,PRODUCT_SYSTEM
201586,Lenovo Fitness Model 1587,Sports,Fitness,Lenovo,Lenovo Supplier,837.74,1482.13,PRODUCT_SYSTEM
201587,Lenovo Laptops Model 1588,Electronics,Laptops,Lenovo,Lenovo Supplier,676.16,898.32,PRODUCT_SYSTEM
201588,Apple Fitness Model 1589,Sports,Fitness,Apple,Apple Supplier,1011.91,1646.09,PRODUCT_SYSTEM
201589,Samsung Laptops Model 1590,Electronics,Laptops,Samsung,Samsung Supplier,620.45,826.35,PRODUCT_SYSTEM
201590,Dell Kitchen Model 1591,Home,Kitchen,Dell,Dell Supplier,88.49,102.12,PRODUCT_SYSTEM
201591,Samsung Monitors Model 1592,Electronics,Monitors,Samsung,Samsung Supplier,39.43,53.28,PRODUCT_SYSTEM
201592,Lenovo Accessories Model 1593,Electronics,Accessories,Lenovo,Lenovo Supplier,1053.71,1794.48,PRODUCT_SYSTEM
201593,HP Supplies Model 1594,Office,Supplies,HP,HP Supplier,1047.72,1338.99,PRODUCT_SYSTEM
201594,Nike Accessories Model 1595,Electronics,Accessories,Nike,Nike Supplier,1179.8,1868.53,PRODUCT_SYSTEM
201595,Sony Monitors Model 1596,Electronics,Monitors,Sony,Sony Supplier,82.22,93.42,PRODUCT_SYSTEM
201596,Samsung Supplies Model 1597,Office,Supplies,Samsung,Samsung Supplier,1048.64,1547.05,PRODUCT_SYSTEM
201597,Sony Fitness Model 1598,Sports,Fitness,Sony,Sony Supplier,878.69,1278.4,PRODUCT_SYSTEM
201598,Apple Women Model 1599,Clothing,Women,Apple,Apple Supplier,968.41,1649.63,PRODUCT_SYSTEM
201599,Sony Laptops Model 1600,Electronics,Laptops,Sony,Sony Supplier,1114.27,1766.57,PRODUCT_SYSTEM
201600,Lenovo Accessories Model 1601,Electronics,Accessories,Lenovo,Lenovo Supplier,38.08,60.64,PRODUCT_SYSTEM
201601,Adidas Monitors Model 1602,Electronics,Monitors,Adidas,Adidas Supplier,1150.55,1935.11,PRODUCT_SYSTEM
201602,Sony Fitness Model 1603,Sports,Fitness,Sony,Sony Supplier,1191.71,2033.91,PRODUCT_SYSTEM
201603,Samsung Men Model 1604,Clothing,Men,Samsung,Samsung Supplier,979.0,1460.19,PRODUCT_SYSTEM
201604,Samsung Monitors Model 1605,Electronics,Monitors,Samsung,Samsung Supplier,205.13,236.8,PRODUCT_SYSTEM
201605,Adidas Kitchen Model 1606,Home,Kitchen,Adidas,Adidas Supplier,642.21,1131.55,PRODUCT_SYSTEM
201606,Lenovo Fitness Model 1607,Sports,Fitness,Lenovo,Lenovo Supplier,607.52,742.79,PRODUCT_SYSTEM
201607,HP Supplies Model 1608,Office,Supplies,HP,HP Supplier,325.17,481.66,PRODUCT_SYSTEM
201608,Generic Personal Care Model 1609,Beauty,Personal Care,Generic,Generic Supplier,539.44,903.68,PRODUCT_SYSTEM
201609,Lenovo Accessories Model 1610,Electronics,Accessories,Lenovo,Lenovo Supplier,419.28,697.7,PRODUCT_SYSTEM
201610,Apple Men Model 1611,Clothing,Men,Apple,Apple Supplier,988.8,1327.41,PRODUCT_SYSTEM
201611,Adidas Accessories Model 1612,Electronics,Accessories,Adidas,Adidas Supplier,841.15,1092.34,PRODUCT_SYSTEM
201612,Samsung Furniture Model 1613,Home,Furniture,Samsung,Samsung Supplier,747.96,839.79,PRODUCT_SYSTEM
201613,Dell Women Model 1614,Clothing,Women,Dell,Dell Supplier,848.89,1186.97,PRODUCT_SYSTEM
201614,Lenovo Personal Care Model 1615,Beauty,Personal Care,Lenovo,Lenovo Supplier,217.72,343.98,PRODUCT_SYSTEM
201615,HP Personal Care Model 1616,Beauty,Personal Care,HP,HP Supplier,874.97,1504.09,PRODUCT_SYSTEM
201616,Dell Fitness Model 1617,Sports,Fitness,Dell,Dell Supplier,237.73,276.99,PRODUCT_SYSTEM
201617,Apple Monitors Model 1618,Electronics,Monitors,Apple,Apple Supplier,1083.72,1197.57,PRODUCT_SYSTEM
201618,Sony Men Model 1619,Clothing,Men,Sony,Sony Supplier,755.0,1280.12,PRODUCT_SYSTEM
201619,Dell Accessories Model 1620,Electronics,Accessories,Dell,Dell Supplier,958.94,1722.79,PRODUCT_SYSTEM
201620,Lenovo Personal Care Model 1621,Beauty,Personal Care,Lenovo,Lenovo Supplier,1114.62,1948.02,PRODUCT_SYSTEM
201621,Apple Fitness Model 1622,Sports,Fitness,Apple,Apple Supplier,63.76,102.11,PRODUCT_SYSTEM
201622,HP Men Model 1623,Clothing,Men,HP,HP Supplier,539.46,628.62,PRODUCT_SYSTEM
201623,HP Supplies Model 1624,Office,Supplies,HP,HP Supplier,465.95,836.97,PRODUCT_SYSTEM
201624,Generic Furniture Model 1625,Home,Furniture,Generic,Generic Supplier,822.12,1190.19,PRODUCT_SYSTEM
201625,Lenovo Kitchen Model 1626,Home,Kitchen,Lenovo,Lenovo Supplier,1017.72,1620.99,PRODUCT_SYSTEM
201626,Sony Monitors Model 1627,Electronics,Monitors,Sony,Sony Supplier,1002.52,1423.18,PRODUCT_SYSTEM
201627,Generic Supplies Model 1628,Office,Supplies,Generic,Generic Supplier,996.39,1702.82,PRODUCT_SYSTEM
201628,Generic Laptops Model 1629,Electronics,Laptops,Generic,Generic Supplier,406.85,619.08,PRODUCT_SYSTEM
201629,Apple Women Model 1630,Clothing,Women,Apple,Apple Supplier,705.79,1071.07,PRODUCT_SYSTEM
201630,HP Laptops Model 1631,Electronics,Laptops,HP,HP Supplier,454.44,771.22,PRODUCT_SYSTEM
201631,Lenovo Accessories Model 1632,Electronics,Accessories,Lenovo,Lenovo Supplier,1008.57,1702.05,PRODUCT_SYSTEM
201632,HP Accessories Model 1633,Electronics,Accessories,HP,HP Supplier,881.17,1003.06,PRODUCT_SYSTEM
201633,HP Monitors Model 1634,Electronics,Monitors,HP,HP Supplier,1024.03,1144.5,PRODUCT_SYSTEM
201634,Apple Men Model 1635,Clothing,Men,Apple,Apple Supplier,290.36,319.55,PRODUCT_SYSTEM
201635,Sony Accessories Model 1636,Electronics,Accessories,Sony,Sony Supplier,495.29,865.45,PRODUCT_SYSTEM
201636,Generic Fitness Model 1637,Sports,Fitness,Generic,Generic Supplier,895.99,1332.86,PRODUCT_SYSTEM
201637,Nike Women Model 1638,Clothing,Women,Nike,Nike Supplier,879.51,1229.06,PRODUCT_SYSTEM
201638,Dell Kitchen Model 1639,Home,Kitchen,Dell,Dell Supplier,72.67,82.66,PRODUCT_SYSTEM
201639,Dell Personal Care Model 1640,Beauty,Personal Care,Dell,Dell Supplier,14.17,22.09,PRODUCT_SYSTEM
201640,Generic Personal Care Model 1641,Beauty,Personal Care,Generic,Generic Supplier,881.8,1275.82,PRODUCT_SYSTEM
201641,Sony Accessories Model 1642,Electronics,Accessories,Sony,Sony Supplier,925.02,1358.88,PRODUCT_SYSTEM
201642,Dell Supplies Model 1643,Office,Supplies,Dell,Dell Supplier,412.81,636.58,PRODUCT_SYSTEM
201643,Logitech Laptops Model 1644,Electronics,Laptops,Logitech,Logitech Supplier,313.58,561.87,PRODUCT_SYSTEM
201644,Dell Personal Care Model 1645,Beauty,Personal Care,Dell,Dell Supplier,529.71,909.5,PRODUCT_SYSTEM
201645,Apple Laptops Model 1646,Electronics,Laptops,Apple,Apple Supplier,283.73,436.57,PRODUCT_SYSTEM
201646,Nike Supplies Model 1647,Office,Supplies,Nike,Nike Supplier,1157.78,1306.61,PRODUCT_SYSTEM
201647,Logitech Women Model 1648,Clothing,Women,Logitech,Logitech Supplier,784.72,1392.66,PRODUCT_SYSTEM
201648,Generic Kitchen Model 1649,Home,Kitchen,Generic,Generic Supplier,1172.36,1490.1,PRODUCT_SYSTEM
201649,Sony Men Model 1650,Clothing,Men,Sony,Sony Supplier,591.37,674.88,PRODUCT_SYSTEM
201650,Lenovo Furniture Model 1651,Home,Furniture,Lenovo,Lenovo Supplier,1080.24,1912.55,PRODUCT_SYSTEM
201651,Generic Furniture Model 1652,Home,Furniture,Generic,Generic Supplier,750.12,1298.84,PRODUCT_SYSTEM
201652,Adidas Accessories Model 1653,Electronics,Accessories,Adidas,Adidas Supplier,481.78,599.1,PRODUCT_SYSTEM
201653,Logitech Personal Care Model 1654,Beauty,Personal Care,Logitech,Logitech Supplier,305.88,480.83,PRODUCT_SYSTEM
201654,HP Monitors Model 1655,Electronics,Monitors,HP,HP Supplier,168.62,234.89,PRODUCT_SYSTEM
201655,Lenovo Monitors Model 1656,Electronics,Monitors,Lenovo,Lenovo Supplier,427.73,485.24,PRODUCT_SYSTEM
201656,Logitech Kitchen Model 1657,Home,Kitchen,Logitech,Logitech Supplier,848.6,1427.67,PRODUCT_SYSTEM
201657,HP Laptops Model 1658,Electronics,Laptops,HP,HP Supplier,357.47,581.19,PRODUCT_SYSTEM
201658,Generic Fitness Model 1659,Sports,Fitness,Generic,Generic Supplier,513.75,601.05,PRODUCT_SYSTEM
201659,Samsung Women Model 1660,Clothing,Women,Samsung,Samsung Supplier,465.29,795.64,PRODUCT_SYSTEM
201660,Nike Accessories Model 1661,Electronics,Accessories,Nike,Nike Supplier,173.79,240.61,PRODUCT_SYSTEM
201661,Generic Furniture Model 1662,Home,Furniture,Generic,Generic Supplier,301.02,344.28,PRODUCT_SYSTEM
201662,Samsung Accessories Model 1663,Electronics,Accessories,Samsung,Samsung Supplier,337.8,554.7,PRODUCT_SYSTEM
201663,Nike Monitors Model 1664,Electronics,Monitors,Nike,Nike Supplier,571.07,775.14,PRODUCT_SYSTEM
201664,Lenovo Furniture Model 1665,Home,Furniture,Lenovo,Lenovo Supplier,1127.55,1431.42,PRODUCT_SYSTEM
201665,Sony Men Model 1666,Clothing,Men,Sony,Sony Supplier,1135.31,1873.16,PRODUCT_SYSTEM
201666,HP Monitors Model 1667,Electronics,Monitors,HP,HP Supplier,162.98,266.67,PRODUCT_SYSTEM
201667,Samsung Personal Care Model 1668,Beauty,Personal Care,Samsung,Samsung Supplier,984.05,1596.17,PRODUCT_SYSTEM
201668,Lenovo Furniture Model 1669,Home,Furniture,Lenovo,Lenovo Supplier,13.54,20.46,PRODUCT_SYSTEM
201669,Nike Laptops Model 1670,Electronics,Laptops,Nike,Nike Supplier,232.27,355.8,PRODUCT_SYSTEM
201670,HP Supplies Model 1671,Office,Supplies,HP,HP Supplier,124.69,145.34,PRODUCT_SYSTEM
201671,Generic Furniture Model 1672,Home,Furniture,Generic,Generic Supplier,648.57,1062.95,PRODUCT_SYSTEM
201672,Lenovo Women Model 1673,Clothing,Women,Lenovo,Lenovo Supplier,237.42,360.06,PRODUCT_SYSTEM
201673,Samsung Monitors Model 1674,Electronics,Monitors,Samsung,Samsung Supplier,274.15,430.42,PRODUCT_SYSTEM
201674,HP Men Model 1675,Clothing,Men,HP,HP Supplier,457.69,647.4,PRODUCT_SYSTEM
201675,Logitech Supplies Model 1676,Office,Supplies,Logitech,Logitech Supplier,561.27,900.94,PRODUCT_SYSTEM
201676,Generic Laptops Model 1677,Electronics,Laptops,Generic,Generic Supplier,477.5,858.02,PRODUCT_SYSTEM
201677,HP Accessories Model 1678,Electronics,Accessories,HP,HP Supplier,499.23,726.77,PRODUCT_SYSTEM
201678,Dell Supplies Model 1679,Office,Supplies,Dell,Dell Supplier,524.45,926.95,PRODUCT_SYSTEM
201679,Samsung Monitors Model 1680,Electronics,Monitors,Samsung,Samsung Supplier,81.03,124.25,PRODUCT_SYSTEM
201680,Sony Monitors Model 1681,Electronics,Monitors,Sony,Sony Supplier,321.44,519.63,PRODUCT_SYSTEM
201681,Dell Women Model 1682,Clothing,Women,Dell,Dell Supplier,377.43,637.36,PRODUCT_SYSTEM
201682,Logitech Laptops Model 1683,Electronics,Laptops,Logitech,Logitech Supplier,169.92,271.9,PRODUCT_SYSTEM
201683,HP Monitors Model 1684,Electronics,Monitors,HP,HP Supplier,309.58,394.97,PRODUCT_SYSTEM
201684,HP Accessories Model 1685,Electronics,Accessories,HP,HP Supplier,446.9,535.16,PRODUCT_SYSTEM
201685,Nike Accessories Model 1686,Electronics,Accessories,Nike,Nike Supplier,93.43,143.56,PRODUCT_SYSTEM
201686,Nike Laptops Model 1687,Electronics,Laptops,Nike,Nike Supplier,366.65,423.39,PRODUCT_SYSTEM
201687,Sony Monitors Model 1688,Electronics,Monitors,Sony,Sony Supplier,810.54,1109.97,PRODUCT_SYSTEM
201688,Nike Personal Care Model 1689,Beauty,Personal Care,Nike,Nike Supplier,612.36,754.67,PRODUCT_SYSTEM
201689,Adidas Accessories Model 1690,Electronics,Accessories,Adidas,Adidas Supplier,1064.58,1411.84,PRODUCT_SYSTEM
201690,Dell Women Model 1691,Clothing,Women,Dell,Dell Supplier,910.46,1488.44,PRODUCT_SYSTEM
201691,Lenovo Monitors Model 1692,Electronics,Monitors,Lenovo,Lenovo Supplier,523.51,596.82,PRODUCT_SYSTEM
201692,Apple Kitchen Model 1693,Home,Kitchen,Apple,Apple Supplier,1077.26,1839.69,PRODUCT_SYSTEM
201693,Generic Laptops Model 1694,Electronics,Laptops,Generic,Generic Supplier,670.99,1164.68,PRODUCT_SYSTEM
201694,Adidas Fitness Model 1695,Sports,Fitness,Adidas,Adidas Supplier,882.3,996.41,PRODUCT_SYSTEM
201695,Samsung Men Model 1696,Clothing,Men,Samsung,Samsung Supplier,96.01,130.32,PRODUCT_SYSTEM
201696,Adidas Monitors Model 1697,Electronics,Monitors,Adidas,Adidas Supplier,1034.42,1605.85,PRODUCT_SYSTEM
201697,Sony Men Model 1698,Clothing,Men,Sony,Sony Supplier,314.49,355.12,PRODUCT_SYSTEM
201698,HP Laptops Model 1699,Electronics,Laptops,HP,HP Supplier,308.0,550.08,PRODUCT_SYSTEM
201699,Samsung Monitors Model 1700,Electronics,Monitors,Samsung,Samsung Supplier,156.82,250.74,PRODUCT_SYSTEM
201700,Sony Fitness Model 1701,Sports,Fitness,Sony,Sony Supplier,701.82,863.27,PRODUCT_SYSTEM
201701,Nike Accessories Model 1702,Electronics,Accessories,Nike,Nike Supplier,202.48,312.63,PRODUCT_SYSTEM
201702,Apple Supplies Model 1703,Office,Supplies,Apple,Apple Supplier,1055.57,1324.98,PRODUCT_SYSTEM
201703,Logitech Personal Care Model 1704,Beauty,Personal Care,Logitech,Logitech Supplier,369.02,515.55,PRODUCT_SYSTEM
201704,Generic Kitchen Model 1705,Home,Kitchen,Generic,Generic Supplier,703.67,864.33,PRODUCT_SYSTEM
201705,Samsung Furniture Model 1706,Home,Furniture,Samsung,Samsung Supplier,1018.93,1262.93,PRODUCT_SYSTEM
201706,Nike Men Model 1707,Clothing,Men,Nike,Nike Supplier,776.51,1275.75,PRODUCT_SYSTEM
201707,Lenovo Accessories Model 1708,Electronics,Accessories,Lenovo,Lenovo Supplier,911.71,1043.17,PRODUCT_SYSTEM
201708,Adidas Kitchen Model 1709,Home,Kitchen,Adidas,Adidas Supplier,310.35,506.45,PRODUCT_SYSTEM
201709,Sony Monitors Model 1710,Electronics,Monitors,Sony,Sony Supplier,434.44,565.03,PRODUCT_SYSTEM
201710,Samsung Fitness Model 1711,Sports,Fitness,Samsung,Samsung Supplier,470.79,624.27,PRODUCT_SYSTEM
201711,Adidas Furniture Model 1712,Home,Furniture,Adidas,Adidas Supplier,1140.44,1967.61,PRODUCT_SYSTEM
201712,Adidas Supplies Model 1713,Office,Supplies,Adidas,Adidas Supplier,602.7,1078.51,PRODUCT_SYSTEM
201713,Dell Personal Care Model 1714,Beauty,Personal Care,Dell,Dell Supplier,882.29,1492.48,PRODUCT_SYSTEM
201714,Generic Women Model 1715,Clothing,Women,Generic,Generic Supplier,911.21,1042.14,PRODUCT_SYSTEM
201715,Nike Kitchen Model 1716,Home,Kitchen,Nike,Nike Supplier,553.77,970.79,PRODUCT_SYSTEM
201716,Generic Kitchen Model 1717,Home,Kitchen,Generic,Generic Supplier,694.81,1146.39,PRODUCT_SYSTEM
201717,HP Women Model 1718,Clothing,Women,HP,HP Supplier,257.83,393.29,PRODUCT_SYSTEM
201718,Dell Monitors Model 1719,Electronics,Monitors,Dell,Dell Supplier,905.33,1500.85,PRODUCT_SYSTEM
201719,Logitech Monitors Model 1720,Electronics,Monitors,Logitech,Logitech Supplier,1052.5,1750.86,PRODUCT_SYSTEM
201720,Samsung Furniture Model 1721,Home,Furniture,Samsung,Samsung Supplier,885.13,1543.43,PRODUCT_SYSTEM
201721,Dell Accessories Model 1722,Electronics,Accessories,Dell,Dell Supplier,1026.84,1682.68,PRODUCT_SYSTEM
201722,Nike Monitors Model 1723,Electronics,Monitors,Nike,Nike Supplier,506.4,683.4,PRODUCT_SYSTEM
201723,Generic Monitors Model 1724,Electronics,Monitors,Generic,Generic Supplier,549.43,927.41,PRODUCT_SYSTEM
201724,Apple Monitors Model 1725,Electronics,Monitors,Apple,Apple Supplier,181.87,281.26,PRODUCT_SYSTEM
201725,Adidas Personal Care Model 1726,Beauty,Personal Care,Adidas,Adidas Supplier,765.01,974.59,PRODUCT_SYSTEM
201726,Samsung Monitors Model 1727,Electronics,Monitors,Samsung,Samsung Supplier,527.3,924.04,PRODUCT_SYSTEM
201727,Adidas Accessories Model 1728,Electronics,Accessories,Adidas,Adidas Supplier,119.13,213.81,PRODUCT_SYSTEM
201728,Sony Men Model 1729,Clothing,Men,Sony,Sony Supplier,962.91,1570.38,PRODUCT_SYSTEM
201729,Adidas Personal Care Model 1730,Beauty,Personal Care,Adidas,Adidas Supplier,660.58,1028.8,PRODUCT_SYSTEM
201730,Dell Men Model 1731,Clothing,Men,Dell,Dell Supplier,1080.16,1457.55,PRODUCT_SYSTEM
201731,Sony Women Model 1732,Clothing,Women,Sony,Sony Supplier,49.34,81.33,PRODUCT_SYSTEM
201732,Apple Women Model 1733,Clothing,Women,Apple,Apple Supplier,73.43,128.7,PRODUCT_SYSTEM
201733,Lenovo Fitness Model 1734,Sports,Fitness,Lenovo,Lenovo Supplier,400.25,707.79,PRODUCT_SYSTEM
201734,HP Monitors Model 1735,Electronics,Monitors,HP,HP Supplier,1018.73,1564.26,PRODUCT_SYSTEM
201735,Samsung Fitness Model 1736,Sports,Fitness,Samsung,Samsung Supplier,179.47,307.45,PRODUCT_SYSTEM
201736,Generic Furniture Model 1737,Home,Furniture,Generic,Generic Supplier,1171.1,1603.8,PRODUCT_SYSTEM
201737,Generic Fitness Model 1738,Sports,Fitness,Generic,Generic Supplier,422.65,632.78,PRODUCT_SYSTEM
201738,Lenovo Kitchen Model 1739,Home,Kitchen,Lenovo,Lenovo Supplier,1112.45,1765.2,PRODUCT_SYSTEM
201739,Samsung Personal Care Model 1740,Beauty,Personal Care,Samsung,Samsung Supplier,23.06,30.22,PRODUCT_SYSTEM
201740,Adidas Women Model 1741,Clothing,Women,Adidas,Adidas Supplier,437.83,624.9,PRODUCT_SYSTEM
201741,Samsung Furniture Model 1742,Home,Furniture,Samsung,Samsung Supplier,445.02,676.8,PRODUCT_SYSTEM
201742,Samsung Fitness Model 1743,Sports,Fitness,Samsung,Samsung Supplier,795.13,1219.37,PRODUCT_SYSTEM
201743,Nike Laptops Model 1744,Electronics,Laptops,Nike,Nike Supplier,1080.03,1313.25,PRODUCT_SYSTEM
201744,Samsung Personal Care Model 1745,Beauty,Personal Care,Samsung,Samsung Supplier,440.52,549.33,PRODUCT_SYSTEM
201745,Apple Accessories Model 1746,Electronics,Accessories,Apple,Apple Supplier,724.42,1126.92,PRODUCT_SYSTEM
201746,Samsung Fitness Model 1747,Sports,Fitness,Samsung,Samsung Supplier,545.27,940.47,PRODUCT_SYSTEM
201747,HP Accessories Model 1748,Electronics,Accessories,HP,HP Supplier,948.09,1366.03,PRODUCT_SYSTEM
201748,Samsung Monitors Model 1749,Electronics,Monitors,Samsung,Samsung Supplier,928.5,1029.48,PRODUCT_SYSTEM
201749,Sony Women Model 1750,Clothing,Women,Sony,Sony Supplier,59.66,80.88,PRODUCT_SYSTEM
201750,Adidas Women Model 1751,Clothing,Women,Adidas,Adidas Supplier,197.23,237.07,PRODUCT_SYSTEM
201751,Sony Accessories Model 1752,Electronics,Accessories,Sony,Sony Supplier,617.56,935.55,PRODUCT_SYSTEM
201752,Dell Furniture Model 1753,Home,Furniture,Dell,Dell Supplier,596.47,1022.58,PRODUCT_SYSTEM
201753,Nike Women Model 1754,Clothing,Women,Nike,Nike Supplier,608.61,951.3,PRODUCT_SYSTEM
201754,Logitech Men Model 1755,Clothing,Men,Logitech,Logitech Supplier,331.37,596.08,PRODUCT_SYSTEM
201755,Adidas Furniture Model 1756,Home,Furniture,Adidas,Adidas Supplier,478.14,686.4,PRODUCT_SYSTEM
201756,Nike Fitness Model 1757,Sports,Fitness,Nike,Nike Supplier,549.47,609.1,PRODUCT_SYSTEM
201757,Nike Furniture Model 1758,Home,Furniture,Nike,Nike Supplier,1067.79,1785.96,PRODUCT_SYSTEM
201758,Generic Men Model 1759,Clothing,Men,Generic,Generic Supplier,981.24,1723.06,PRODUCT_SYSTEM
201759,Adidas Accessories Model 1760,Electronics,Accessories,Adidas,Adidas Supplier,997.24,1238.6,PRODUCT_SYSTEM
201760,Dell Men Model 1761,Clothing,Men,Dell,Dell Supplier,852.53,1280.95,PRODUCT_SYSTEM
201761,Generic Personal Care Model 1762,Beauty,Personal Care,Generic,Generic Supplier,304.77,421.47,PRODUCT_SYSTEM
201762,Apple Supplies Model 1763,Office,Supplies,Apple,Apple Supplier,110.41,136.38,PRODUCT_SYSTEM
201763,Nike Supplies Model 1764,Office,Supplies,Nike,Nike Supplier,633.92,1122.14,PRODUCT_SYSTEM
201764,Generic Furniture Model 1765,Home,Furniture,Generic,Generic Supplier,329.8,569.72,PRODUCT_SYSTEM
201765,Apple Men Model 1766,Clothing,Men,Apple,Apple Supplier,1110.04,1392.12,PRODUCT_SYSTEM
201766,Lenovo Laptops Model 1767,Electronics,Laptops,Lenovo,Lenovo Supplier,186.34,223.34,PRODUCT_SYSTEM
201767,Logitech Supplies Model 1768,Office,Supplies,Logitech,Logitech Supplier,478.76,630.17,PRODUCT_SYSTEM
201768,Adidas Kitchen Model 1769,Home,Kitchen,Adidas,Adidas Supplier,1025.48,1698.44,PRODUCT_SYSTEM
201769,Sony Men Model 1770,Clothing,Men,Sony,Sony Supplier,409.82,660.9,PRODUCT_SYSTEM
201770,Dell Kitchen Model 1771,Home,Kitchen,Dell,Dell Supplier,603.98,760.53,PRODUCT_SYSTEM
201771,Apple Women Model 1772,Clothing,Women,Apple,Apple Supplier,652.38,1093.13,PRODUCT_SYSTEM
201772,Apple Women Model 1773,Clothing,Women,Apple,Apple Supplier,705.43,871.29,PRODUCT_SYSTEM
201773,Nike Laptops Model 1774,Electronics,Laptops,Nike,Nike Supplier,720.1,935.83,PRODUCT_SYSTEM
201774,Dell Women Model 1775,Clothing,Women,Dell,Dell Supplier,573.6,773.64,PRODUCT_SYSTEM
201775,Samsung Supplies Model 1776,Office,Supplies,Samsung,Samsung Supplier,978.61,1648.42,PRODUCT_SYSTEM
201776,Generic Furniture Model 1777,Home,Furniture,Generic,Generic Supplier,1158.61,1782.51,PRODUCT_SYSTEM
201777,HP Supplies Model 1778,Office,Supplies,HP,HP Supplier,170.61,226.0,PRODUCT_SYSTEM
201778,Logitech Laptops Model 1779,Electronics,Laptops,Logitech,Logitech Supplier,65.69,98.74,PRODUCT_SYSTEM
201779,Logitech Men Model 1780,Clothing,Men,Logitech,Logitech Supplier,1161.3,1664.05,PRODUCT_SYSTEM
201780,Apple Fitness Model 1781,Sports,Fitness,Apple,Apple Supplier,796.26,1138.07,PRODUCT_SYSTEM
201781,Nike Women Model 1782,Clothing,Women,Nike,Nike Supplier,72.05,89.29,PRODUCT_SYSTEM
201782,Samsung Furniture Model 1783,Home,Furniture,Samsung,Samsung Supplier,1060.61,1251.04,PRODUCT_SYSTEM
201783,Adidas Supplies Model 1784,Office,Supplies,Adidas,Adidas Supplier,928.87,1430.99,PRODUCT_SYSTEM
201784,Apple Furniture Model 1785,Home,Furniture,Apple,Apple Supplier,240.54,410.59,PRODUCT_SYSTEM
201785,Adidas Accessories Model 1786,Electronics,Accessories,Adidas,Adidas Supplier,990.05,1452.74,PRODUCT_SYSTEM
201786,Nike Fitness Model 1787,Sports,Fitness,Nike,Nike Supplier,1173.49,1474.71,PRODUCT_SYSTEM
201787,Apple Fitness Model 1788,Sports,Fitness,Apple,Apple Supplier,353.92,559.0,PRODUCT_SYSTEM
201788,Adidas Women Model 1789,Clothing,Women,Adidas,Adidas Supplier,285.46,392.37,PRODUCT_SYSTEM
201789,Dell Women Model 1790,Clothing,Women,Dell,Dell Supplier,1119.36,1575.1,PRODUCT_SYSTEM
201790,Apple Supplies Model 1791,Office,Supplies,Apple,Apple Supplier,522.86,888.02,PRODUCT_SYSTEM
201791,Sony Personal Care Model 1792,Beauty,Personal Care,Sony,Sony Supplier,858.54,1223.68,PRODUCT_SYSTEM
201792,Adidas Monitors Model 1793,Electronics,Monitors,Adidas,Adidas Supplier,964.89,1410.62,PRODUCT_SYSTEM
201793,Generic Fitness Model 1794,Sports,Fitness,Generic,Generic Supplier,771.77,1035.54,PRODUCT_SYSTEM
201794,Dell Furniture Model 1795,Home,Furniture,Dell,Dell Supplier,704.57,1211.93,PRODUCT_SYSTEM
201795,Samsung Kitchen Model 1796,Home,Kitchen,Samsung,Samsung Supplier,680.09,961.4,PRODUCT_SYSTEM
201796,Apple Furniture Model 1797,Home,Furniture,Apple,Apple Supplier,538.85,740.24,PRODUCT_SYSTEM
201797,Lenovo Women Model 1798,Clothing,Women,Lenovo,Lenovo Supplier,889.23,1313.4,PRODUCT_SYSTEM
201798,Sony Fitness Model 1799,Sports,Fitness,Sony,Sony Supplier,469.65,541.78,PRODUCT_SYSTEM
201799,Adidas Men Model 1800,Clothing,Men,Adidas,Adidas Supplier,829.56,969.93,PRODUCT_SYSTEM
201800,Nike Men Model 1801,Clothing,Men,Nike,Nike Supplier,1020.43,1306.08,PRODUCT_SYSTEM
201801,Nike Monitors Model 1802,Electronics,Monitors,Nike,Nike Supplier,512.35,868.96,PRODUCT_SYSTEM
201802,Adidas Supplies Model 1803,Office,Supplies,Adidas,Adidas Supplier,1070.82,1592.15,PRODUCT_SYSTEM
201803,Logitech Accessories Model 1804,Electronics,Accessories,Logitech,Logitech Supplier,1070.58,1226.41,PRODUCT_SYSTEM
201804,Nike Accessories Model 1805,Electronics,Accessories,Nike,Nike Supplier,46.08,70.84,PRODUCT_SYSTEM
201805,Dell Kitchen Model 1806,Home,Kitchen,Dell,Dell Supplier,628.53,1026.37,PRODUCT_SYSTEM
201806,Lenovo Supplies Model 1807,Office,Supplies,Lenovo,Lenovo Supplier,1016.89,1287.67,PRODUCT_SYSTEM
201807,Adidas Furniture Model 1808,Home,Furniture,Adidas,Adidas Supplier,1010.77,1588.7,PRODUCT_SYSTEM
201808,Lenovo Monitors Model 1809,Electronics,Monitors,Lenovo,Lenovo Supplier,601.02,905.5,PRODUCT_SYSTEM
201809,Logitech Laptops Model 1810,Electronics,Laptops,Logitech,Logitech Supplier,545.49,951.7,PRODUCT_SYSTEM
201810,Nike Kitchen Model 1811,Home,Kitchen,Nike,Nike Supplier,1042.27,1685.68,PRODUCT_SYSTEM
201811,Sony Personal Care Model 1812,Beauty,Personal Care,Sony,Sony Supplier,147.33,225.12,PRODUCT_SYSTEM
201812,Dell Supplies Model 1813,Office,Supplies,Dell,Dell Supplier,238.74,344.24,PRODUCT_SYSTEM
201813,HP Supplies Model 1814,Office,Supplies,HP,HP Supplier,180.85,274.82,PRODUCT_SYSTEM
201814,Logitech Laptops Model 1815,Electronics,Laptops,Logitech,Logitech Supplier,424.1,724.19,PRODUCT_SYSTEM
201815,HP Laptops Model 1816,Electronics,Laptops,HP,HP Supplier,1090.87,1693.7,PRODUCT_SYSTEM
201816,Adidas Laptops Model 1817,Electronics,Laptops,Adidas,Adidas Supplier,239.71,378.12,PRODUCT_SYSTEM
201817,Lenovo Accessories Model 1818,Electronics,Accessories,Lenovo,Lenovo Supplier,294.33,473.38,PRODUCT_SYSTEM
201818,Apple Furniture Model 1819,Home,Furniture,Apple,Apple Supplier,598.54,1016.96,PRODUCT_SYSTEM
201819,Nike Furniture Model 1820,Home,Furniture,Nike,Nike Supplier,84.2,130.46,PRODUCT_SYSTEM
201820,Samsung Kitchen Model 1821,Home,Kitchen,Samsung,Samsung Supplier,874.23,1130.21,PRODUCT_SYSTEM
201821,Dell Fitness Model 1822,Sports,Fitness,Dell,Dell Supplier,180.08,313.32,PRODUCT_SYSTEM
201822,Generic Men Model 1823,Clothing,Men,Generic,Generic Supplier,1054.29,1649.46,PRODUCT_SYSTEM
201823,Samsung Monitors Model 1824,Electronics,Monitors,Samsung,Samsung Supplier,230.64,379.91,PRODUCT_SYSTEM
201824,Lenovo Monitors Model 1825,Electronics,Monitors,Lenovo,Lenovo Supplier,1175.23,1972.26,PRODUCT_SYSTEM
201825,Adidas Laptops Model 1826,Electronics,Laptops,Adidas,Adidas Supplier,857.03,1303.04,PRODUCT_SYSTEM
201826,Lenovo Supplies Model 1827,Office,Supplies,Lenovo,Lenovo Supplier,292.46,460.06,PRODUCT_SYSTEM
201827,Sony Monitors Model 1828,Electronics,Monitors,Sony,Sony Supplier,1086.56,1848.44,PRODUCT_SYSTEM
201828,HP Monitors Model 1829,Electronics,Monitors,HP,HP Supplier,255.77,290.28,PRODUCT_SYSTEM
201829,Apple Women Model 1830,Clothing,Women,Apple,Apple Supplier,970.82,1105.49,PRODUCT_SYSTEM
201830,Lenovo Men Model 1831,Clothing,Men,Lenovo,Lenovo Supplier,91.16,157.2,PRODUCT_SYSTEM
201831,Dell Women Model 1832,Clothing,Women,Dell,Dell Supplier,206.63,327.23,PRODUCT_SYSTEM
201832,Generic Women Model 1833,Clothing,Women,Generic,Generic Supplier,303.62,362.05,PRODUCT_SYSTEM
201833,HP Kitchen Model 1834,Home,Kitchen,HP,HP Supplier,311.61,487.07,PRODUCT_SYSTEM
201834,Dell Furniture Model 1835,Home,Furniture,Dell,Dell Supplier,898.6,1416.44,PRODUCT_SYSTEM
201835,Dell Women Model 1836,Clothing,Women,Dell,Dell Supplier,1111.29,1360.65,PRODUCT_SYSTEM
201836,Sony Monitors Model 1837,Electronics,Monitors,Sony,Sony Supplier,1144.22,1639.19,PRODUCT_SYSTEM
201837,Lenovo Supplies Model 1838,Office,Supplies,Lenovo,Lenovo Supplier,409.62,688.96,PRODUCT_SYSTEM
201838,Lenovo Men Model 1839,Clothing,Men,Lenovo,Lenovo Supplier,185.29,293.19,PRODUCT_SYSTEM
201839,Lenovo Monitors Model 1840,Electronics,Monitors,Lenovo,Lenovo Supplier,266.2,351.16,PRODUCT_SYSTEM
201840,Dell Accessories Model 1841,Electronics,Accessories,Dell,Dell Supplier,344.15,398.42,PRODUCT_SYSTEM
201841,Lenovo Laptops Model 1842,Electronics,Laptops,Lenovo,Lenovo Supplier,783.06,928.25,PRODUCT_SYSTEM
201842,Dell Kitchen Model 1843,Home,Kitchen,Dell,Dell Supplier,1177.41,1911.31,PRODUCT_SYSTEM
201843,Sony Fitness Model 1844,Sports,Fitness,Sony,Sony Supplier,389.33,687.16,PRODUCT_SYSTEM
201844,Apple Accessories Model 1845,Electronics,Accessories,Apple,Apple Supplier,34.65,52.01,PRODUCT_SYSTEM
201845,Samsung Monitors Model 1846,Electronics,Monitors,Samsung,Samsung Supplier,945.03,1207.26,PRODUCT_SYSTEM
201846,Lenovo Monitors Model 1847,Electronics,Monitors,Lenovo,Lenovo Supplier,120.71,183.18,PRODUCT_SYSTEM
201847,HP Fitness Model 1848,Sports,Fitness,HP,HP Supplier,300.68,428.56,PRODUCT_SYSTEM
201848,Samsung Personal Care Model 1849,Beauty,Personal Care,Samsung,Samsung Supplier,265.26,386.78,PRODUCT_SYSTEM
201849,Generic Men Model 1850,Clothing,Men,Generic,Generic Supplier,972.84,1629.9,PRODUCT_SYSTEM
201850,Logitech Accessories Model 1851,Electronics,Accessories,Logitech,Logitech Supplier,207.57,335.2,PRODUCT_SYSTEM
201851,Lenovo Furniture Model 1852,Home,Furniture,Lenovo,Lenovo Supplier,1169.87,1646.73,PRODUCT_SYSTEM
201852,Generic Laptops Model 1853,Electronics,Laptops,Generic,Generic Supplier,663.76,1111.04,PRODUCT_SYSTEM
201853,Sony Furniture Model 1854,Home,Furniture,Sony,Sony Supplier,1183.22,1594.81,PRODUCT_SYSTEM
201854,Nike Monitors Model 1855,Electronics,Monitors,Nike,Nike Supplier,76.71,94.7,PRODUCT_SYSTEM
201855,Adidas Supplies Model 1856,Office,Supplies,Adidas,Adidas Supplier,642.57,747.87,PRODUCT_SYSTEM
201856,Dell Accessories Model 1857,Electronics,Accessories,Dell,Dell Supplier,451.21,787.47,PRODUCT_SYSTEM
201857,Samsung Supplies Model 1858,Office,Supplies,Samsung,Samsung Supplier,320.59,481.96,PRODUCT_SYSTEM
201858,Apple Furniture Model 1859,Home,Furniture,Apple,Apple Supplier,1050.77,1527.38,PRODUCT_SYSTEM
201859,Logitech Monitors Model 1860,Electronics,Monitors,Logitech,Logitech Supplier,20.69,24.24,PRODUCT_SYSTEM
201860,Adidas Monitors Model 1861,Electronics,Monitors,Adidas,Adidas Supplier,629.72,704.47,PRODUCT_SYSTEM
201861,Dell Monitors Model 1862,Electronics,Monitors,Dell,Dell Supplier,844.95,1036.71,PRODUCT_SYSTEM
201862,Samsung Monitors Model 1863,Electronics,Monitors,Samsung,Samsung Supplier,465.09,527.85,PRODUCT_SYSTEM
201863,Lenovo Laptops Model 1864,Electronics,Laptops,Lenovo,Lenovo Supplier,829.29,940.39,PRODUCT_SYSTEM
201864,Generic Accessories Model 1865,Electronics,Accessories,Generic,Generic Supplier,934.12,1282.47,PRODUCT_SYSTEM
201865,Lenovo Kitchen Model 1866,Home,Kitchen,Lenovo,Lenovo Supplier,1032.85,1565.73,PRODUCT_SYSTEM
201866,Adidas Men Model 1867,Clothing,Men,Adidas,Adidas Supplier,35.16,45.67,PRODUCT_SYSTEM
201867,Dell Furniture Model 1868,Home,Furniture,Dell,Dell Supplier,525.74,664.01,PRODUCT_SYSTEM
201868,Logitech Personal Care Model 1869,Beauty,Personal Care,Logitech,Logitech Supplier,836.12,1097.62,PRODUCT_SYSTEM
201869,HP Furniture Model 1870,Home,Furniture,HP,HP Supplier,439.11,578.92,PRODUCT_SYSTEM
201870,Adidas Laptops Model 1871,Electronics,Laptops,Adidas,Adidas Supplier,413.24,541.27,PRODUCT_SYSTEM
201871,Dell Men Model 1872,Clothing,Men,Dell,Dell Supplier,591.79,695.38,PRODUCT_SYSTEM
201872,Lenovo Supplies Model 1873,Office,Supplies,Lenovo,Lenovo Supplier,353.69,531.48,PRODUCT_SYSTEM
201873,Sony Fitness Model 1874,Sports,Fitness,Sony,Sony Supplier,286.65,345.63,PRODUCT_SYSTEM
201874,Lenovo Kitchen Model 1875,Home,Kitchen,Lenovo,Lenovo Supplier,706.75,892.56,PRODUCT_SYSTEM
201875,Dell Women Model 1876,Clothing,Women,Dell,Dell Supplier,393.72,579.98,PRODUCT_SYSTEM
201876,Lenovo Personal Care Model 1877,Beauty,Personal Care,Lenovo,Lenovo Supplier,7.33,11.23,PRODUCT_SYSTEM
201877,Lenovo Accessories Model 1878,Electronics,Accessories,Lenovo,Lenovo Supplier,246.63,305.18,PRODUCT_SYSTEM
201878,Samsung Personal Care Model 1879,Beauty,Personal Care,Samsung,Samsung Supplier,519.66,578.71,PRODUCT_SYSTEM
201879,Adidas Kitchen Model 1880,Home,Kitchen,Adidas,Adidas Supplier,166.34,185.3,PRODUCT_SYSTEM
201880,Samsung Supplies Model 1881,Office,Supplies,Samsung,Samsung Supplier,88.99,145.68,PRODUCT_SYSTEM
201881,Dell Women Model 1882,Clothing,Women,Dell,Dell Supplier,65.62,102.44,PRODUCT_SYSTEM
201882,Nike Personal Care Model 1883,Beauty,Personal Care,Nike,Nike Supplier,289.93,360.67,PRODUCT_SYSTEM
201883,Sony Accessories Model 1884,Electronics,Accessories,Sony,Sony Supplier,948.03,1108.2,PRODUCT_SYSTEM
201884,HP Accessories Model 1885,Electronics,Accessories,HP,HP Supplier,670.69,1181.7,PRODUCT_SYSTEM
201885,Generic Personal Care Model 1886,Beauty,Personal Care,Generic,Generic Supplier,1188.67,1812.81,PRODUCT_SYSTEM
201886,Nike Fitness Model 1887,Sports,Fitness,Nike,Nike Supplier,1056.24,1334.85,PRODUCT_SYSTEM
201887,Logitech Laptops Model 1888,Electronics,Laptops,Logitech,Logitech Supplier,128.26,175.9,PRODUCT_SYSTEM
201888,Samsung Men Model 1889,Clothing,Men,Samsung,Samsung Supplier,1007.49,1180.32,PRODUCT_SYSTEM
201889,Adidas Women Model 1890,Clothing,Women,Adidas,Adidas Supplier,446.78,762.01,PRODUCT_SYSTEM
201890,Apple Kitchen Model 1891,Home,Kitchen,Apple,Apple Supplier,551.16,912.2,PRODUCT_SYSTEM
201891,Logitech Kitchen Model 1892,Home,Kitchen,Logitech,Logitech Supplier,104.1,116.0,PRODUCT_SYSTEM
201892,HP Women Model 1893,Clothing,Women,HP,HP Supplier,755.13,1200.88,PRODUCT_SYSTEM
201893,Lenovo Kitchen Model 1894,Home,Kitchen,Lenovo,Lenovo Supplier,744.32,1316.29,PRODUCT_SYSTEM
201894,Lenovo Women Model 1895,Clothing,Women,Lenovo,Lenovo Supplier,850.48,1137.77,PRODUCT_SYSTEM
201895,Generic Women Model 1896,Clothing,Women,Generic,Generic Supplier,571.13,665.46,PRODUCT_SYSTEM
201896,Sony Supplies Model 1897,Office,Supplies,Sony,Sony Supplier,1109.04,1910.47,PRODUCT_SYSTEM
201897,Nike Accessories Model 1898,Electronics,Accessories,Nike,Nike Supplier,52.28,92.65,PRODUCT_SYSTEM
201898,HP Supplies Model 1899,Office,Supplies,HP,HP Supplier,573.37,982.82,PRODUCT_SYSTEM
201899,Apple Accessories Model 1900,Electronics,Accessories,Apple,Apple Supplier,1064.55,1826.79,PRODUCT_SYSTEM
201900,Logitech Supplies Model 1901,Office,Supplies,Logitech,Logitech Supplier,500.94,743.5,PRODUCT_SYSTEM
201901,Generic Women Model 1902,Clothing,Women,Generic,Generic Supplier,67.37,101.28,PRODUCT_SYSTEM
201902,Logitech Kitchen Model 1903,Home,Kitchen,Logitech,Logitech Supplier,379.6,607.43,PRODUCT_SYSTEM
201903,Adidas Furniture Model 1904,Home,Furniture,Adidas,Adidas Supplier,215.61,252.62,PRODUCT_SYSTEM
201904,Nike Men Model 1905,Clothing,Men,Nike,Nike Supplier,498.63,791.44,PRODUCT_SYSTEM
201905,Generic Accessories Model 1906,Electronics,Accessories,Generic,Generic Supplier,326.29,507.85,PRODUCT_SYSTEM
201906,Dell Kitchen Model 1907,Home,Kitchen,Dell,Dell Supplier,1070.28,1454.69,PRODUCT_SYSTEM
201907,Generic Laptops Model 1908,Electronics,Laptops,Generic,Generic Supplier,133.69,212.81,PRODUCT_SYSTEM
201908,Nike Laptops Model 1909,Electronics,Laptops,Nike,Nike Supplier,236.07,323.41,PRODUCT_SYSTEM
201909,Apple Accessories Model 1910,Electronics,Accessories,Apple,Apple Supplier,1167.25,1618.51,PRODUCT_SYSTEM
201910,Nike Accessories Model 1911,Electronics,Accessories,Nike,Nike Supplier,154.38,273.28,PRODUCT_SYSTEM
201911,Nike Kitchen Model 1912,Home,Kitchen,Nike,Nike Supplier,1117.83,1875.48,PRODUCT_SYSTEM
201912,Lenovo Personal Care Model 1913,Beauty,Personal Care,Lenovo,Lenovo Supplier,567.34,768.9,PRODUCT_SYSTEM
201913,Dell Men Model 1914,Clothing,Men,Dell,Dell Supplier,520.95,657.97,PRODUCT_SYSTEM
201914,HP Accessories Model 1915,Electronics,Accessories,HP,HP Supplier,164.04,258.08,PRODUCT_SYSTEM
201915,HP Supplies Model 1916,Office,Supplies,HP,HP Supplier,831.54,1173.2,PRODUCT_SYSTEM
201916,Nike Supplies Model 1917,Office,Supplies,Nike,Nike Supplier,492.27,770.51,PRODUCT_SYSTEM
201917,Dell Monitors Model 1918,Electronics,Monitors,Dell,Dell Supplier,199.42,338.39,PRODUCT_SYSTEM
201918,Apple Laptops Model 1919,Electronics,Laptops,Apple,Apple Supplier,1044.81,1456.01,PRODUCT_SYSTEM
201919,HP Supplies Model 1920,Office,Supplies,HP,HP Supplier,418.4,531.65,PRODUCT_SYSTEM
201920,Apple Kitchen Model 1921,Home,Kitchen,Apple,Apple Supplier,581.2,932.01,PRODUCT_SYSTEM
201921,Generic Furniture Model 1922,Home,Furniture,Generic,Generic Supplier,248.73,353.46,PRODUCT_SYSTEM
201922,Apple Men Model 1923,Clothing,Men,Apple,Apple Supplier,573.11,993.1,PRODUCT_SYSTEM
201923,Logitech Personal Care Model 1924,Beauty,Personal Care,Logitech,Logitech Supplier,276.54,424.06,PRODUCT_SYSTEM
201924,Sony Accessories Model 1925,Electronics,Accessories,Sony,Sony Supplier,204.83,305.4,PRODUCT_SYSTEM
201925,Adidas Kitchen Model 1926,Home,Kitchen,Adidas,Adidas Supplier,1082.74,1289.16,PRODUCT_SYSTEM
201926,Adidas Accessories Model 1927,Electronics,Accessories,Adidas,Adidas Supplier,709.69,828.84,PRODUCT_SYSTEM
201927,Dell Men Model 1928,Clothing,Men,Dell,Dell Supplier,48.84,60.61,PRODUCT_SYSTEM
201928,Dell Women Model 1929,Clothing,Women,Dell,Dell Supplier,828.75,1464.72,PRODUCT_SYSTEM
201929,Lenovo Women Model 1930,Clothing,Women,Lenovo,Lenovo Supplier,628.98,950.72,PRODUCT_SYSTEM
201930,Adidas Furniture Model 1931,Home,Furniture,Adidas,Adidas Supplier,257.09,406.11,PRODUCT_SYSTEM
201931,Sony Supplies Model 1932,Office,Supplies,Sony,Sony Supplier,233.18,358.91,PRODUCT_SYSTEM
201932,Dell Men Model 1933,Clothing,Men,Dell,Dell Supplier,164.7,245.58,PRODUCT_SYSTEM
201933,Logitech Laptops Model 1934,Electronics,Laptops,Logitech,Logitech Supplier,910.71,1169.36,PRODUCT_SYSTEM
201934,HP Laptops Model 1935,Electronics,Laptops,HP,HP Supplier,665.44,978.78,PRODUCT_SYSTEM
201935,Sony Laptops Model 1936,Electronics,Laptops,Sony,Sony Supplier,1043.13,1684.38,PRODUCT_SYSTEM
201936,Generic Monitors Model 1937,Electronics,Monitors,Generic,Generic Supplier,242.22,285.76,PRODUCT_SYSTEM
201937,Logitech Men Model 1938,Clothing,Men,Logitech,Logitech Supplier,160.14,259.09,PRODUCT_SYSTEM
201938,Dell Supplies Model 1939,Office,Supplies,Dell,Dell Supplier,682.55,907.81,PRODUCT_SYSTEM
201939,Lenovo Personal Care Model 1940,Beauty,Personal Care,Lenovo,Lenovo Supplier,1156.84,1425.58,PRODUCT_SYSTEM
201940,Sony Furniture Model 1941,Home,Furniture,Sony,Sony Supplier,331.66,521.55,PRODUCT_SYSTEM
201941,Logitech Personal Care Model 1942,Beauty,Personal Care,Logitech,Logitech Supplier,1132.87,1684.66,PRODUCT_SYSTEM
201942,Adidas Personal Care Model 1943,Beauty,Personal Care,Adidas,Adidas Supplier,285.23,506.81,PRODUCT_SYSTEM
201943,Nike Furniture Model 1944,Home,Furniture,Nike,Nike Supplier,817.03,1177.06,PRODUCT_SYSTEM
201944,HP Furniture Model 1945,Home,Furniture,HP,HP Supplier,895.73,1022.29,PRODUCT_SYSTEM
201945,Samsung Women Model 1946,Clothing,Women,Samsung,Samsung Supplier,736.98,1239.51,PRODUCT_SYSTEM
201946,Adidas Personal Care Model 1947,Beauty,Personal Care,Adidas,Adidas Supplier,724.74,969.47,PRODUCT_SYSTEM
201947,Dell Women Model 1948,Clothing,Women,Dell,Dell Supplier,343.34,502.04,PRODUCT_SYSTEM
201948,HP Laptops Model 1949,Electronics,Laptops,HP,HP Supplier,1133.99,1512.74,PRODUCT_SYSTEM
201949,HP Supplies Model 1950,Office,Supplies,HP,HP Supplier,495.59,640.27,PRODUCT_SYSTEM
201950,Samsung Kitchen Model 1951,Home,Kitchen,Samsung,Samsung Supplier,1015.55,1741.68,PRODUCT_SYSTEM
201951,Logitech Men Model 1952,Clothing,Men,Logitech,Logitech Supplier,67.52,93.89,PRODUCT_SYSTEM
201952,Sony Fitness Model 1953,Sports,Fitness,Sony,Sony Supplier,558.54,723.04,PRODUCT_SYSTEM
201953,Nike Women Model 1954,Clothing,Women,Nike,Nike Supplier,76.58,128.98,PRODUCT_SYSTEM
201954,Apple Women Model 1955,Clothing,Women,Apple,Apple Supplier,1162.38,2032.81,PRODUCT_SYSTEM
201955,Generic Women Model 1956,Clothing,Women,Generic,Generic Supplier,134.96,161.77,PRODUCT_SYSTEM
201956,Sony Kitchen Model 1957,Home,Kitchen,Sony,Sony Supplier,534.29,667.94,PRODUCT_SYSTEM
201957,Nike Men Model 1958,Clothing,Men,Nike,Nike Supplier,927.66,1392.04,PRODUCT_SYSTEM
201958,Adidas Furniture Model 1959,Home,Furniture,Adidas,Adidas Supplier,27.63,35.31,PRODUCT_SYSTEM
201959,Apple Men Model 1960,Clothing,Men,Apple,Apple Supplier,140.6,237.34,PRODUCT_SYSTEM
201960,Nike Furniture Model 1961,Home,Furniture,Nike,Nike Supplier,518.67,574.5,PRODUCT_SYSTEM
201961,Generic Kitchen Model 1962,Home,Kitchen,Generic,Generic Supplier,134.62,232.54,PRODUCT_SYSTEM
201962,Generic Men Model 1963,Clothing,Men,Generic,Generic Supplier,680.24,758.43,PRODUCT_SYSTEM
201963,Nike Supplies Model 1964,Office,Supplies,Nike,Nike Supplier,697.58,1180.1,PRODUCT_SYSTEM
201964,Logitech Men Model 1965,Clothing,Men,Logitech,Logitech Supplier,124.13,180.35,PRODUCT_SYSTEM
201965,Nike Accessories Model 1966,Electronics,Accessories,Nike,Nike Supplier,893.53,1594.59,PRODUCT_SYSTEM
201966,Samsung Fitness Model 1967,Sports,Fitness,Samsung,Samsung Supplier,985.48,1209.62,PRODUCT_SYSTEM
201967,HP Supplies Model 1968,Office,Supplies,HP,HP Supplier,585.97,760.36,PRODUCT_SYSTEM
201968,Apple Personal Care Model 1969,Beauty,Personal Care,Apple,Apple Supplier,302.81,360.3,PRODUCT_SYSTEM
201969,Dell Monitors Model 1970,Electronics,Monitors,Dell,Dell Supplier,268.43,426.35,PRODUCT_SYSTEM
201970,Lenovo Women Model 1971,Clothing,Women,Lenovo,Lenovo Supplier,741.4,1288.51,PRODUCT_SYSTEM
201971,Adidas Monitors Model 1972,Electronics,Monitors,Adidas,Adidas Supplier,488.76,833.64,PRODUCT_SYSTEM
201972,Apple Men Model 1973,Clothing,Men,Apple,Apple Supplier,740.82,974.89,PRODUCT_SYSTEM
201973,HP Personal Care Model 1974,Beauty,Personal Care,HP,HP Supplier,1180.99,1709.07,PRODUCT_SYSTEM
201974,Dell Kitchen Model 1975,Home,Kitchen,Dell,Dell Supplier,1109.2,1652.93,PRODUCT_SYSTEM
201975,Sony Women Model 1976,Clothing,Women,Sony,Sony Supplier,423.66,701.89,PRODUCT_SYSTEM
201976,Generic Fitness Model 1977,Sports,Fitness,Generic,Generic Supplier,1158.67,2067.47,PRODUCT_SYSTEM
201977,Apple Monitors Model 1978,Electronics,Monitors,Apple,Apple Supplier,1166.25,1568.03,PRODUCT_SYSTEM
201978,Apple Kitchen Model 1979,Home,Kitchen,Apple,Apple Supplier,439.57,573.96,PRODUCT_SYSTEM
201979,Generic Kitchen Model 1980,Home,Kitchen,Generic,Generic Supplier,223.32,374.4,PRODUCT_SYSTEM
201980,Apple Furniture Model 1981,Home,Furniture,Apple,Apple Supplier,826.19,946.98,PRODUCT_SYSTEM
201981,Nike Laptops Model 1982,Electronics,Laptops,Nike,Nike Supplier,871.56,1314.45,PRODUCT_SYSTEM
201982,Sony Furniture Model 1983,Home,Furniture,Sony,Sony Supplier,428.13,578.13,PRODUCT_SYSTEM
201983,Generic Furniture Model 1984,Home,Furniture,Generic,Generic Supplier,801.23,1351.31,PRODUCT_SYSTEM
201984,Lenovo Accessories Model 1985,Electronics,Accessories,Lenovo,Lenovo Supplier,548.39,718.57,PRODUCT_SYSTEM
201985,Logitech Supplies Model 1986,Office,Supplies,Logitech,Logitech Supplier,879.9,1346.59,PRODUCT_SYSTEM
201986,HP Accessories Model 1987,Electronics,Accessories,HP,HP Supplier,874.25,1324.76,PRODUCT_SYSTEM
201987,Nike Monitors Model 1988,Electronics,Monitors,Nike,Nike Supplier,1046.08,1767.61,PRODUCT_SYSTEM
201988,Nike Accessories Model 1989,Electronics,Accessories,Nike,Nike Supplier,122.62,150.85,PRODUCT_SYSTEM
201989,Nike Accessories Model 1990,Electronics,Accessories,Nike,Nike Supplier,285.51,485.02,PRODUCT_SYSTEM
201990,Samsung Accessories Model 1991,Electronics,Accessories,Samsung,Samsung Supplier,1093.36,1355.45,PRODUCT_SYSTEM
201991,Lenovo Women Model 1992,Clothing,Women,Lenovo,Lenovo Supplier,138.42,249.1,PRODUCT_SYSTEM
201992,Lenovo Monitors Model 1993,Electronics,Monitors,Lenovo,Lenovo Supplier,676.66,835.67,PRODUCT_SYSTEM
201993,Logitech Women Model 1994,Clothing,Women,Logitech,Logitech Supplier,410.37,481.2,PRODUCT_SYSTEM
201994,Adidas Men Model 1995,Clothing,Men,Adidas,Adidas Supplier,118.21,194.42,PRODUCT_SYSTEM
201995,Sony Accessories Model 1996,Electronics,Accessories,Sony,Sony Supplier,774.39,1025.66,PRODUCT_SYSTEM
201996,HP Furniture Model 1997,Home,Furniture,HP,HP Supplier,547.11,848.19,PRODUCT_SYSTEM
201997,HP Furniture Model 1998,Home,Furniture,HP,HP Supplier,376.26,432.71,PRODUCT_SYSTEM
201998,Logitech Monitors Model 1999,Electronics,Monitors,Logitech,Logitech Supplier,1057.62,1645.8,PRODUCT_SYSTEM
201999,Nike Supplies Model 2000,Office,Supplies,Nike,Nike Supplier,743.86,1023.89,PRODUCT_SYSTEM
